"자치구","행정동명","평균자외선지수","평균노인체감온도","폭염시간합계","온열질환환자수","무더위쉼터개수","노인대비쉼터수","인구당보건인력","도시화면적비율","재정자립도","RGDP","단독연립대세대주택","인구당소방인력"
"강남구","수서동",6.701492537,28.40547264,110,10,7,0.00133638793432608,0.000532978518319719,0.6626,56.1,77924019,100572,0.000687958087476517
"강남구","도곡2동",6.589552239,28.30845771,36,10,1,0.000184433788270011,0.000532978518319719,0.6626,56.1,77924019,100572,0.000687958087476517
"강남구","개포4동",6.701492537,28.40547264,110,10,1,0.000263852242744063,0.000532978518319719,0.6626,56.1,77924019,100572,0.000687958087476517
"강남구","일원1동",6.52238806,28.60696517,152,10,3,0.000824402308326463,0.000532978518319719,0.6626,56.1,77924019,100572,0.000687958087476517
"강남구","도곡1동",6.589552239,28.30845771,36,10,1,0.000301750150875075,0.000532978518319719,0.6626,56.1,77924019,100572,0.000687958087476517
"강남구","개포1동",6.619402985,28.65671642,152,10,0,0,0.000532978518319719,0.6626,56.1,77924019,100572,0.000687958087476517
"강남구","세곡동",6.694029851,28.40547264,110,10,3,0.000390421655387819,0.000532978518319719,0.6626,56.1,77924019,100572,0.000687958087476517
"강남구","압구정동",6.641791045,28.65671642,152,10,2,0.000364431486880466,0.000532978518319719,0.6626,56.1,77924019,100572,0.000687958087476517
"강남구","일원본동",6.52238806,28.60696517,152,10,2,0.000540686672073533,0.000532978518319719,0.6626,56.1,77924019,100572,0.000687958087476517
"강남구","개포2동",6.552238806,28.65671642,152,10,4,0.000705591815134944,0.000532978518319719,0.6626,56.1,77924019,100572,0.000687958087476517
"강남구","대치4동",6.634328358,28.04975124,69,10,1,0.000456204379562044,0.000532978518319719,0.6626,56.1,77924019,100572,0.000687958087476517
"강남구","신사동(강남)",6.731343284,27.97014925,109,10,1,0.00031328320802005,0.000532978518319719,0.6626,56.1,77924019,100572,0.000687958087476517
"강남구","대치1동",6.701492537,28.56218905,112,10,2,0.000694444444444444,0.000532978518319719,0.6626,56.1,77924019,100572,0.000687958087476517
"강남구","대치2동",6.701492537,28.56218905,112,10,3,0.000518224218345137,0.000532978518319719,0.6626,56.1,77924019,100572,0.000687958087476517
"강남구","삼성2동",6.694029851,28.40547264,110,10,1,0.000241138172172655,0.000532978518319719,0.6626,56.1,77924019,100572,0.000687958087476517
"강남구","역삼2동",6.731343284,28.55970149,97,10,3,0.000758725341426404,0.000532978518319719,0.6626,56.1,77924019,100572,0.000687958087476517
"강남구","역삼1동",6.626865672,28.65671642,152,10,1,0.00025490695895998,0.000532978518319719,0.6626,56.1,77924019,100572,0.000687958087476517
"강남구","논현2동",6.679104478,28.77363184,112,10,1,0.000304228780042592,0.000532978518319719,0.6626,56.1,77924019,100572,0.000687958087476517
"강남구","삼성1동",6.470149254,28.16666667,64,10,1,0.000431965442764579,0.000532978518319719,0.6626,56.1,77924019,100572,0.000687958087476517
"강남구","청담동",6.529850746,28.16666667,64,10,0,0,0.000532978518319719,0.6626,56.1,77924019,100572,0.000687958087476517
"강남구","논현1동",6.708955224,28.40547264,110,10,2,0.000640204865556978,0.000532978518319719,0.6626,56.1,77924019,100572,0.000687958087476517
"강동구","고덕2동",6.694029851,28.40547264,110,7,6,0.0016597510373444,0.000495579991609918,0.5549,21.9,9364063,56170,0.000652078936328839
"강동구","둔촌2동",6.537313433,28.07960199,71,7,15,0.00315457413249211,0.000495579991609918,0.5549,21.9,9364063,56170,0.000652078936328839
"강동구","고덕1동",6.694029851,28.40547264,110,7,10,0.0029655990510083,0.000495579991609918,0.5549,21.9,9364063,56170,0.000652078936328839
"강동구","암사2동",6.701492537,28.40547264,110,7,6,0.00218420094648708,0.000495579991609918,0.5549,21.9,9364063,56170,0.000652078936328839
"강동구","천호2동",6.626865672,28.21890547,107,7,14,0.00210843373493976,0.000495579991609918,0.5549,21.9,9364063,56170,0.000652078936328839
"강동구","성내2동",6.708955224,28.40547264,110,7,7,0.00140364948867054,0.000495579991609918,0.5549,21.9,9364063,56170,0.000652078936328839
"강동구","암사3동",6.589552239,28.30845771,36,7,8,0.00258648561267378,0.000495579991609918,0.5549,21.9,9364063,56170,0.000652078936328839
"강동구","강일동",6.537313433,28.16666667,64,7,30,0.00460334509743747,0.000495579991609918,0.5549,21.9,9364063,56170,0.000652078936328839
"강동구","명일1동",6.671641791,28.58457711,112,7,12,0.00253324889170361,0.000495579991609918,0.5549,21.9,9364063,56170,0.000652078936328839
"강동구","성내3동",6.708955224,28.40547264,110,7,12,0.00267737617135207,0.000495579991609918,0.5549,21.9,9364063,56170,0.000652078936328839
"강동구","천호1동",6.619402985,28.21890547,107,7,9,0.00151336808474861,0.000495579991609918,0.5549,21.9,9364063,56170,0.000652078936328839
"강동구","암사1동",6.701492537,28.40547264,110,7,15,0.00213280250248827,0.000495579991609918,0.5549,21.9,9364063,56170,0.000652078936328839
"강동구","길동",6.708955224,28.10696517,62,7,3,0.000308800823468863,0.000495579991609918,0.5549,21.9,9364063,56170,0.000652078936328839
"강동구","명일2동",6.619402985,28.21890547,107,7,10,0.00328623069339468,0.000495579991609918,0.5549,21.9,9364063,56170,0.000652078936328839
"강동구","천호3동",6.608208955,28.21890547,107,7,14,0.00267993874425727,0.000495579991609918,0.5549,21.9,9364063,56170,0.000652078936328839
"강동구","성내1동",6.694029851,28.40547264,110,7,8,0.00228115198175078,0.000495579991609918,0.5549,21.9,9364063,56170,0.000652078936328839
"강북구","삼각산동",6.514925373,28.79850746,69,8,1,0.000196078431372549,0.000820676973370565,0.4767,15.3,3462961,57834,0.000820676973370565
"강북구","우이동",6.611940299,28.28606965,21,8,4,0.000750609870519797,0.000820676973370565,0.4767,15.3,3462961,57834,0.000820676973370565
"강북구","송중동",6.671641791,28.2960199,41,8,7,0.00105708245243129,0.000820676973370565,0.4767,15.3,3462961,57834,0.000820676973370565
"강북구","미아동",6.619402985,28.21890547,107,8,5,0.000994629003381739,0.000820676973370565,0.4767,15.3,3462961,57834,0.000820676973370565
"강북구","삼양동",6.597014925,28.12437811,97,8,10,0.001822821728035,0.000820676973370565,0.4767,15.3,3462961,57834,0.000820676973370565
"강북구","송천동",6.708955224,28.6641791,115,8,7,0.00105089325927038,0.000820676973370565,0.4767,15.3,3462961,57834,0.000820676973370565
"강북구","인수동",6.708955224,28.10696517,62,8,7,0.000907441016333938,0.000820676973370565,0.4767,15.3,3462961,57834,0.000820676973370565
"강서구","발산1동",6.634328358,28.21890547,107,12,3,0.000524842547235829,0.000270571327169929,0.4576,19.4,18347568,111298,0.00055695526436927
"강서구","우장산동",6.641791045,28.48258706,64,12,2,0.000289393720156273,0.000270571327169929,0.4576,19.4,18347568,111298,0.00055695526436927
"강서구","가양3동",6.731343284,28.21641791,98,12,5,0.00122488975992161,0.000270571327169929,0.4576,19.4,18347568,111298,0.00055695526436927
"강서구","가양2동",6.73880597,28.58706468,18,12,5,0.00105999576001696,0.000270571327169929,0.4576,19.4,18347568,111298,0.00055695526436927
"강서구","화곡본동",6.731343284,28.21641791,98,12,5,0.000873667656823344,0.000270571327169929,0.4576,19.4,18347568,111298,0.00055695526436927
"강서구","화곡8동",6.641791045,28.55970149,97,12,5,0.00101461038961039,0.000270571327169929,0.4576,19.4,18347568,111298,0.00055695526436927
"강서구","화곡6동",6.708955224,28.55970149,97,12,4,0.000868432479374729,0.000270571327169929,0.4576,19.4,18347568,111298,0.00055695526436927
"강서구","화곡2동",6.712686567,28.40547264,110,12,3,0.000925925925925926,0.000270571327169929,0.4576,19.4,18347568,111298,0.00055695526436927
"강서구","염창동",6.664179104,28.28358209,83,12,4,0.000777151738877016,0.000270571327169929,0.4576,19.4,18347568,111298,0.00055695526436927
"강서구","등촌2동",6.71641791,28.55970149,97,12,3,0.000812787862367922,0.000270571327169929,0.4576,19.4,18347568,111298,0.00055695526436927
"강서구","방화3동",6.604477612,28.12437811,97,12,8,0.00134408602150538,0.000270571327169929,0.4576,19.4,18347568,111298,0.00055695526436927
"강서구","방화2동",6.597014925,28.12437811,97,12,7,0.0012799414883891,0.000270571327169929,0.4576,19.4,18347568,111298,0.00055695526436927
"강서구","화곡1동",6.701492537,28.40547264,110,12,4,0.000416536499010726,0.000270571327169929,0.4576,19.4,18347568,111298,0.00055695526436927
"강서구","가양1동",6.656716418,28.6641791,115,12,5,0.00133226751931788,0.000270571327169929,0.4576,19.4,18347568,111298,0.00055695526436927
"강서구","화곡3동",6.73880597,28.21641791,98,12,3,0.000636942675159236,0.000270571327169929,0.4576,19.4,18347568,111298,0.00055695526436927
"강서구","방화1동",6.71641791,28.10696517,62,12,6,0.000782881002087683,0.000270571327169929,0.4576,19.4,18347568,111298,0.00055695526436927
"강서구","화곡4동",6.589552239,28.30845771,36,12,4,0.000914494741655235,0.000270571327169929,0.4576,19.4,18347568,111298,0.00055695526436927
"강서구","공항동",6.731343284,28.21641791,98,12,6,0.00126715945089757,0.000270571327169929,0.4576,19.4,18347568,111298,0.00055695526436927
"강서구","등촌1동",6.611940299,28.28606965,21,12,3,0.000886524822695035,0.000270571327169929,0.4576,19.4,18347568,111298,0.00055695526436927
"강서구","등촌3동",6.76119403,28.40547264,62,12,12,0.00153944836433611,0.000270571327169929,0.4576,19.4,18347568,111298,0.00055695526436927
"관악구","대학동",6.723880597,28.55970149,97,12,0,0,0.000441703372559332,0.5316,17.7,6347562,79068,0.000562914995726777
"관악구","서림동",6.626865672,28.48258706,64,12,2,0.000511639805576874,0.000441703372559332,0.5316,17.7,6347562,79068,0.000562914995726777
"관악구","행운동",6.649253731,28.28358209,83,12,3,0.000632911392405063,0.000441703372559332,0.5316,17.7,6347562,79068,0.000562914995726777
"관악구","서원동",6.708955224,28.40547264,110,12,3,0.000828958275766786,0.000441703372559332,0.5316,17.7,6347562,79068,0.000562914995726777
"관악구","신사동(관악)",6.731343284,28.55970149,97,12,1,0.000251509054325956,0.000441703372559332,0.5316,17.7,6347562,79068,0.000562914995726777
"관악구","중앙동",6.47761194,28.79850746,69,12,1,0.000390015600624025,0.000441703372559332,0.5316,17.7,6347562,79068,0.000562914995726777
"관악구","보라매동",6.529850746,28.07960199,14,12,0,0,0.000441703372559332,0.5316,17.7,6347562,79068,0.000562914995726777
"관악구","남현동",6.731343284,28.55970149,97,12,3,0.000951173113506658,0.000441703372559332,0.5316,17.7,6347562,79068,0.000562914995726777
"관악구","성현동",6.723880597,27.97014925,109,12,3,0.000504371217215871,0.000441703372559332,0.5316,17.7,6347562,79068,0.000562914995726777
"관악구","신원동",6.604477612,28.12437811,97,12,1,0.000284495021337127,0.000441703372559332,0.5316,17.7,6347562,79068,0.000562914995726777
"관악구","신림동",6.73880597,28.21641791,98,12,1,0.000472366556447804,0.000441703372559332,0.5316,17.7,6347562,79068,0.000562914995726777
"관악구","청림동",6.649253731,28.28358209,83,12,2,0.00066203243958954,0.000441703372559332,0.5316,17.7,6347562,79068,0.000562914995726777
"관악구","조원동",6.611940299,28.12437811,97,12,1,0.00029673590504451,0.000441703372559332,0.5316,17.7,6347562,79068,0.000562914995726777
"관악구","은천동",6.641791045,28.04975124,69,12,3,0.000463821892393321,0.000441703372559332,0.5316,17.7,6347562,79068,0.000562914995726777
"관악구","난향동",6.626865672,28.48258706,64,12,2,0.000655093350802489,0.000441703372559332,0.5316,17.7,6347562,79068,0.000562914995726777
"관악구","삼성동",6.589552239,28.07960199,14,12,5,0.000848176420695505,0.000441703372559332,0.5316,17.7,6347562,79068,0.000562914995726777
"관악구","인헌동",6.597014925,28.12437811,97,12,2,0.00045341192473362,0.000441703372559332,0.5316,17.7,6347562,79068,0.000562914995726777
"관악구","난곡동",6.694029851,28.21641791,98,12,3,0.0005009183503089,0.000441703372559332,0.5316,17.7,6347562,79068,0.000562914995726777
"관악구","미성동",6.71641791,28.21641791,98,12,3,0.000456760048721072,0.000441703372559332,0.5316,17.7,6347562,79068,0.000562914995726777
"관악구","낙성대동",6.71641791,28.55970149,97,12,1,0.000465549348230912,0.000441703372559332,0.5316,17.7,6347562,79068,0.000562914995726777
"관악구","청룡동",6.52238806,28.79850746,69,12,1,0.000196193839513439,0.000441703372559332,0.5316,17.7,6347562,79068,0.000562914995726777
"광진구","자양4동",6.597014925,28.14179104,115,4,5,0.00114442664225223,0.000580885316641772,0.6916,23.2,6554954,53438,0.00065794153211466
"광진구","구의3동",6.529850746,28.60696517,152,4,3,0.000625651720542232,0.000580885316641772,0.6916,23.2,6554954,53438,0.00065794153211466
"광진구","구의1동",6.597014925,28.12437811,97,4,4,0.00110405741098537,0.000580885316641772,0.6916,23.2,6554954,53438,0.00065794153211466
"광진구","자양3동",6.611940299,28.14179104,115,4,5,0.00101791530944625,0.000580885316641772,0.6916,23.2,6554954,53438,0.00065794153211466
"광진구","중곡3동",6.604477612,28.14179104,115,4,4,0.00123762376237624,0.000580885316641772,0.6916,23.2,6554954,53438,0.00065794153211466
"광진구","자양1동",6.626865672,28.48258706,64,4,5,0.00124750499001996,0.000580885316641772,0.6916,23.2,6554954,53438,0.00065794153211466
"광진구","중곡1동",6.619402985,28.14179104,115,4,3,0.00106307583274274,0.000580885316641772,0.6916,23.2,6554954,53438,0.00065794153211466
"광진구","중곡4동",6.634328358,28.14179104,115,4,4,0.000672834314550042,0.000580885316641772,0.6916,23.2,6554954,53438,0.00065794153211466
"광진구","화양동",6.649253731,28.04975124,69,4,3,0.00122100122100122,0.000580885316641772,0.6916,23.2,6554954,53438,0.00065794153211466
"광진구","군자동",6.626865672,28.14179104,115,4,6,0.00176730486008837,0.000580885316641772,0.6916,23.2,6554954,53438,0.00065794153211466
"광진구","능동",6.619402985,28.14179104,115,4,2,0.00112994350282486,0.000580885316641772,0.6916,23.2,6554954,53438,0.00065794153211466
"광진구","중곡2동",6.634328358,28.14179104,115,4,4,0.00105485232067511,0.000580885316641772,0.6916,23.2,6554954,53438,0.00065794153211466
"광진구","광장동",6.649253731,28.28358209,83,4,7,0.00160587290662996,0.000580885316641772,0.6916,23.2,6554954,53438,0.00065794153211466
"광진구","자양2동",6.626865672,28.48258706,64,4,6,0.00130861504907306,0.000580885316641772,0.6916,23.2,6554954,53438,0.00065794153211466
"광진구","구의2동",6.529850746,28.60696517,152,4,4,0.00080742834073476,0.000580885316641772,0.6916,23.2,6554954,53438,0.00065794153211466
"구로구","구로3동",6.544776119,28.07960199,71,10,8,0.00202839756592292,0.000495807141140609,0.7445,19.9,14663398,82729,0.000774066250964421
"구로구","구로4동",6.537313433,28.07960199,71,10,8,0.00153256704980843,0.000495807141140609,0.7445,19.9,14663398,82729,0.000774066250964421
"구로구","고척2동",6.649253731,28.28358209,83,10,6,0.00100050025012506,0.000495807141140609,0.7445,19.9,14663398,82729,0.000774066250964421
"구로구","오류1동",6.731343284,28.21641791,98,10,11,0.00241598945750055,0.000495807141140609,0.7445,19.9,14663398,82729,0.000774066250964421
"구로구","구로1동",6.649253731,28.28358209,83,10,3,0.00091547146780592,0.000495807141140609,0.7445,19.9,14663398,82729,0.000774066250964421
"구로구","수궁동",6.544776119,28.65671642,152,10,12,0.00228527899447724,0.000495807141140609,0.7445,19.9,14663398,82729,0.000774066250964421
"구로구","고척1동",6.649253731,28.28358209,83,10,9,0.00178677784395473,0.000495807141140609,0.7445,19.9,14663398,82729,0.000774066250964421
"구로구","구로5동",6.641791045,28.48258706,64,10,6,0.00108381502890173,0.000495807141140609,0.7445,19.9,14663398,82729,0.000774066250964421
"구로구","오류2동",6.671641791,28.2960199,41,10,10,0.00124968757810547,0.000495807141140609,0.7445,19.9,14663398,82729,0.000774066250964421
"구로구","구로2동",6.634328358,28.04975124,69,10,15,0.00229427959620679,0.000495807141140609,0.7445,19.9,14663398,82729,0.000774066250964421
"구로구","개봉1동",6.529850746,28.79850746,69,10,10,0.00135777325186694,0.000495807141140609,0.7445,19.9,14663398,82729,0.000774066250964421
"구로구","가리봉동",6.514925373,28.79850746,69,10,3,0.00127768313458262,0.000495807141140609,0.7445,19.9,14663398,82729,0.000774066250964421
"구로구","신도림동",6.619402985,28.65671642,152,10,5,0.000917936478795667,0.000495807141140609,0.7445,19.9,14663398,82729,0.000774066250964421
"구로구","개봉2동",6.649253731,28.28358209,83,10,3,0.000406724511930586,0.000495807141140609,0.7445,19.9,14663398,82729,0.000774066250964421
"구로구","개봉3동",6.649253731,28.28358209,83,10,3,0.000613120784794605,0.000495807141140609,0.7445,19.9,14663398,82729,0.000774066250964421
"금천구","독산4동",6.671641791,28.58457711,112,3,4,0.00117647058823529,0.000779474138006114,0.777,22,17801015,37029,0.000814310970989627
"금천구","가산동",6.731343284,28.6641791,115,3,5,0.00156690692572861,0.000779474138006114,0.777,22,17801015,37029,0.000814310970989627
"금천구","독산2동",6.731343284,28.6641791,115,3,5,0.00121832358674464,0.000779474138006114,0.777,22,17801015,37029,0.000814310970989627
"금천구","시흥2동",6.731343284,28.6641791,115,3,6,0.00127496812579686,0.000779474138006114,0.777,22,17801015,37029,0.000814310970989627
"금천구","시흥4동",6.731343284,28.6641791,115,3,11,0.00227790432801822,0.000779474138006114,0.777,22,17801015,37029,0.000814310970989627
"금천구","시흥1동",6.731343284,28.6641791,115,3,8,0.00112107623318386,0.000779474138006114,0.777,22,17801015,37029,0.000814310970989627
"금천구","시흥5동",6.731343284,28.6641791,115,3,3,0.000616142945163278,0.000779474138006114,0.777,22,17801015,37029,0.000814310970989627
"금천구","독산3동",6.731343284,28.6641791,115,3,10,0.00181851245681033,0.000779474138006114,0.777,22,17801015,37029,0.000814310970989627
"금천구","시흥3동",6.731343284,28.6641791,115,3,3,0.00113464447806354,0.000779474138006114,0.777,22,17801015,37029,0.000814310970989627
"금천구","독산1동",6.731343284,28.6641791,115,3,11,0.00158753066820609,0.000779474138006114,0.777,22,17801015,37029,0.000814310970989627
"노원구","중계본동",6.619402985,28.28606965,21,9,8,0.00288600288600289,0.000512175076528485,0.4111,16.6,6728358,167236,0.000549893396117792
"노원구","상계9동",6.626865672,28.2960199,41,9,1,0.000250815149235014,0.000512175076528485,0.4111,16.6,6728358,167236,0.000549893396117792
"노원구","하계2동",6.604477612,28.30845771,36,9,4,0.00107758620689655,0.000512175076528485,0.4111,16.6,6728358,167236,0.000549893396117792
"노원구","월계2동",6.656716418,28.10696517,62,9,6,0.000916170407695831,0.000512175076528485,0.4111,16.6,6728358,167236,0.000549893396117792
"노원구","공릉2동",6.514925373,28.21890547,107,9,6,0.000920669019487494,0.000512175076528485,0.4111,16.6,6728358,167236,0.000549893396117792
"노원구","공릉1동",6.537313433,28.65671642,152,9,2,0.000269360269360269,0.000512175076528485,0.4111,16.6,6728358,167236,0.000549893396117792
"노원구","상계8동",6.626865672,28.2960199,41,9,1,0.000299670362601139,0.000512175076528485,0.4111,16.6,6728358,167236,0.000549893396117792
"노원구","하계1동",6.626865672,28.48258706,64,9,5,0.000983090837593394,0.000512175076528485,0.4111,16.6,6728358,167236,0.000549893396117792
"노원구","상계2동",6.600746269,28.07960199,14,9,1,0.000254517688979384,0.000512175076528485,0.4111,16.6,6728358,167236,0.000549893396117792
"노원구","월계1동",6.664179104,28.2960199,41,9,4,0.00087431693989071,0.000512175076528485,0.4111,16.6,6728358,167236,0.000549893396117792
"노원구","상계5동",6.679104478,28.77363184,112,9,1,0.000176304654442877,0.000512175076528485,0.4111,16.6,6728358,167236,0.000549893396117792
"노원구","중계4동",6.611940299,28.28606965,21,9,2,0.00046072333563695,0.000512175076528485,0.4111,16.6,6728358,167236,0.000549893396117792
"노원구","월계3동",6.731343284,28.21641791,98,9,6,0.000881186664708474,0.000512175076528485,0.4111,16.6,6728358,167236,0.000549893396117792
"노원구","중계1동",6.597014925,28.12437811,97,9,3,0.00104638995465644,0.000512175076528485,0.4111,16.6,6728358,167236,0.000549893396117792
"노원구","상계10동",6.589552239,28.07960199,14,9,1,0.000317057704502219,0.000512175076528485,0.4111,16.6,6728358,167236,0.000549893396117792
"노원구","상계1동",6.589552239,28.07960199,14,9,6,0.000724462690171456,0.000512175076528485,0.4111,16.6,6728358,167236,0.000549893396117792
"도봉구","창2동",6.71641791,28.55970149,97,16,4,0.000659087164277476,0.000705820452110082,0.4761,17.3,3490683,84332,0.000750736299062542
"도봉구","쌍문4동",6.664179104,28.2960199,41,16,2,0.000539083557951483,0.000705820452110082,0.4761,17.3,3490683,84332,0.000750736299062542
"도봉구","방학3동",6.731343284,28.6641791,115,16,3,0.000498670212765957,0.000705820452110082,0.4761,17.3,3490683,84332,0.000750736299062542
"도봉구","방학1동",6.611940299,28.6641791,115,16,4,0.000599700149925037,0.000705820452110082,0.4761,17.3,3490683,84332,0.000750736299062542
"도봉구","창4동",6.694029851,28.21641791,98,16,1,0.000198019801980198,0.000705820452110082,0.4761,17.3,3490683,84332,0.000750736299062542
"도봉구","창3동",6.731343284,28.55970149,97,16,3,0.000924499229583975,0.000705820452110082,0.4761,17.3,3490683,84332,0.000750736299062542
"도봉구","창5동",6.656716418,28.2960199,41,16,3,0.000591599290080852,0.000705820452110082,0.4761,17.3,3490683,84332,0.000750736299062542
"도봉구","창1동",6.641791045,28.04975124,69,16,3,0.000569476082004556,0.000705820452110082,0.4761,17.3,3490683,84332,0.000750736299062542
"도봉구","도봉2동",6.604477612,28.12437811,97,16,4,0.00054061359643195,0.000705820452110082,0.4761,17.3,3490683,84332,0.000750736299062542
"도봉구","쌍문3동",6.634328358,28.04975124,69,16,3,0.000785545954438335,0.000705820452110082,0.4761,17.3,3490683,84332,0.000750736299062542
"도봉구","쌍문2동",6.731343284,28.6641791,115,16,4,0.000903342366757001,0.000705820452110082,0.4761,17.3,3490683,84332,0.000750736299062542
"도봉구","방학2동",6.731343284,28.6641791,115,16,7,0.00141585760517799,0.000705820452110082,0.4761,17.3,3490683,84332,0.000750736299062542
"도봉구","쌍문1동",6.731343284,28.6641791,115,16,5,0.000972006220839813,0.000705820452110082,0.4761,17.3,3490683,84332,0.000750736299062542
"도봉구","도봉1동",6.619402985,28.30845771,36,16,9,0.00140756959649672,0.000705820452110082,0.4761,17.3,3490683,84332,0.000750736299062542
"동대문구","전농1동",6.589552239,28.07960199,14,9,7,0.00109238451935081,0.000395076104133744,0.9752,21.6,7711273,55655,0.000805004693385297
"동대문구","답십리2동",6.634328358,28.04975124,69,9,6,0.000972132209980557,0.000395076104133744,0.9752,21.6,7711273,55655,0.000805004693385297
"동대문구","이문2동",6.589552239,28.07960199,14,9,6,0.00136798905608755,0.000395076104133744,0.9752,21.6,7711273,55655,0.000805004693385297
"동대문구","회기동",6.73880597,28.21641791,98,9,2,0.00127388535031847,0.000395076104133744,0.9752,21.6,7711273,55655,0.000805004693385297
"동대문구","휘경2동",6.73880597,28.21641791,98,9,3,0.000680426400544341,0.000395076104133744,0.9752,21.6,7711273,55655,0.000805004693385297
"동대문구","장안2동",6.589552239,28.07960199,14,9,4,0.000671140939597315,0.000395076104133744,0.9752,21.6,7711273,55655,0.000805004693385297
"동대문구","제기동",6.589552239,28.07960199,14,9,1,0.000171291538198013,0.000395076104133744,0.9752,21.6,7711273,55655,0.000805004693385297
"동대문구","휘경1동",6.73880597,28.21641791,98,9,3,0.00134831460674157,0.000395076104133744,0.9752,21.6,7711273,55655,0.000805004693385297
"동대문구","답십리1동",6.619402985,28.65671642,152,9,4,0.000883977900552486,0.000395076104133744,0.9752,21.6,7711273,55655,0.000805004693385297
"동대문구","이문1동",6.529850746,28.07960199,14,9,3,0.000890471950133571,0.000395076104133744,0.9752,21.6,7711273,55655,0.000805004693385297
"동대문구","용신동",6.597014925,28.07960199,14,9,3,0.00043757292882147,0.000395076104133744,0.9752,21.6,7711273,55655,0.000805004693385297
"동대문구","장안1동",6.529850746,28.07960199,14,9,5,0.000674399784192069,0.000395076104133744,0.9752,21.6,7711273,55655,0.000805004693385297
"동대문구","전농2동",6.589552239,28.07960199,14,9,6,0.0014695077149155,0.000395076104133744,0.9752,21.6,7711273,55655,0.000805004693385297
"동대문구","청량리동",6.73880597,28.21641791,98,9,6,0.00102546573235344,0.000395076104133744,0.9752,21.6,7711273,55655,0.000805004693385297
"동작구","상도4동",6.723880597,28.55970149,97,5,7,0.0011959678797198,0.000735688236345101,0.8644,28.4,6712864,67111,0.000620080084919442
"동작구","노량진2동",6.597014925,28.14179104,115,5,3,0.00163487738419619,0.000735688236345101,0.8644,28.4,6712864,67111,0.000620080084919442
"동작구","사당4동",6.626865672,28.48258706,64,5,4,0.00131665569453588,0.000735688236345101,0.8644,28.4,6712864,67111,0.000620080084919442
"동작구","신대방1동",6.731343284,28.6641791,115,5,2,0.000440431622990531,0.000735688236345101,0.8644,28.4,6712864,67111,0.000620080084919442
"동작구","흑석동",6.645522388,28.2960199,41,5,1,0.000184162062615101,0.000735688236345101,0.8644,28.4,6712864,67111,0.000620080084919442
"동작구","신대방2동",6.708955224,28.55970149,97,5,2,0.000544662309368192,0.000735688236345101,0.8644,28.4,6712864,67111,0.000620080084919442
"동작구","사당1동",6.537313433,28.79850746,69,5,4,0.0009678199854827,0.000735688236345101,0.8644,28.4,6712864,67111,0.000620080084919442
"동작구","상도3동",6.731343284,28.55970149,97,5,3,0.0005941770647653,0.000735688236345101,0.8644,28.4,6712864,67111,0.000620080084919442
"동작구","노량진1동",6.597014925,28.14179104,115,5,5,0.000785175879396985,0.000735688236345101,0.8644,28.4,6712864,67111,0.000620080084919442
"동작구","대방동",6.652985075,28.56218905,112,5,8,0.00132318888521336,0.000735688236345101,0.8644,28.4,6712864,67111,0.000620080084919442
"동작구","사당3동",6.626865672,28.48258706,64,5,5,0.000992654357752631,0.000735688236345101,0.8644,28.4,6712864,67111,0.000620080084919442
"동작구","상도1동",6.708955224,28.10696517,62,5,9,0.00113521695257316,0.000735688236345101,0.8644,28.4,6712864,67111,0.000620080084919442
"동작구","사당5동",6.694029851,28.21641791,98,5,3,0.00115919629057187,0.000735688236345101,0.8644,28.4,6712864,67111,0.000620080084919442
"동작구","사당2동",6.537313433,28.79850746,69,5,5,0.000803858520900322,0.000735688236345101,0.8644,28.4,6712864,67111,0.000620080084919442
"동작구","상도2동",6.73880597,28.21641791,98,5,5,0.0010564124234101,0.000735688236345101,0.8644,28.4,6712864,67111,0.000620080084919442
"마포구","신수동",6.76119403,28.40547264,62,6,4,0.00110223201984018,0.000515579835343546,0.6009,28,21399314,60697,0.000861128022861029
"마포구","성산2동",6.76119403,28.40547264,62,6,6,0.000887049083382614,0.000515579835343546,0.6009,28,21399314,60697,0.000861128022861029
"마포구","대흥동",6.47761194,28.21890547,107,6,6,0.00294406280667321,0.000515579835343546,0.6009,28,21399314,60697,0.000861128022861029
"마포구","염리동",6.641791045,28.04975124,69,6,3,0.00134348410210479,0.000515579835343546,0.6009,28,21399314,60697,0.000861128022861029
"마포구","서강동",6.626865672,28.28606965,21,6,6,0.0016629711751663,0.000515579835343546,0.6009,28,21399314,60697,0.000861128022861029
"마포구","아현동",6.73880597,28.21641791,98,6,1,0.000257334019557386,0.000515579835343546,0.6009,28,21399314,60697,0.000861128022861029
"마포구","공덕동",6.619402985,28.65671642,152,6,7,0.00107858243451464,0.000515579835343546,0.6009,28,21399314,60697,0.000861128022861029
"마포구","합정동",6.671641791,28.2960199,41,6,4,0.00146466495789088,0.000515579835343546,0.6009,28,21399314,60697,0.000861128022861029
"마포구","상암동",6.626865672,28.28606965,21,6,2,0.000433745391455216,0.000515579835343546,0.6009,28,21399314,60697,0.000861128022861029
"마포구","연남동",6.634328358,28.65671642,152,6,5,0.0019669551534225,0.000515579835343546,0.6009,28,21399314,60697,0.000861128022861029
"마포구","도화동",6.47761194,28.21890547,107,6,3,0.000741289844329133,0.000515579835343546,0.6009,28,21399314,60697,0.000861128022861029
"마포구","성산1동",6.76119403,28.40547264,62,6,5,0.00155327741534638,0.000515579835343546,0.6009,28,21399314,60697,0.000861128022861029
"마포구","망원2동",6.634328358,28.04975124,69,6,3,0.000885216878135143,0.000515579835343546,0.6009,28,21399314,60697,0.000861128022861029
"마포구","서교동",6.76119403,28.40547264,62,6,6,0.00173310225303293,0.000515579835343546,0.6009,28,21399314,60697,0.000861128022861029
"마포구","망원1동",6.470149254,28.79850746,69,6,3,0.000832408435072142,0.000515579835343546,0.6009,28,21399314,60697,0.000861128022861029
"마포구","용강동",6.76119403,28.40547264,62,6,1,0.00030826140567201,0.000515579835343546,0.6009,28,21399314,60697,0.000861128022861029
"서대문구","북가좌2동",6.641791045,28.38059701,93,4,6,0.000852030673104232,0.000688783920975919,0.892,20.3,9039083,60331,0.000793244041692646
"서대문구","충현동",6.626865672,28.2960199,41,4,4,0.0010911074740862,0.000688783920975919,0.892,20.3,9039083,60331,0.000793244041692646
"서대문구","남가좌1동",6.671641791,28.2960199,41,4,3,0.00122900450634986,0.000688783920975919,0.892,20.3,9039083,60331,0.000793244041692646
"서대문구","홍제1동",6.671641791,28.2238806,40,4,4,0.000763067531476536,0.000688783920975919,0.892,20.3,9039083,60331,0.000793244041692646
"서대문구","천연동",6.634328358,28.2960199,41,4,8,0.00229687051392478,0.000688783920975919,0.892,20.3,9039083,60331,0.000793244041692646
"서대문구","북아현동",6.641791045,28.56218905,112,4,2,0.000806776926179911,0.000688783920975919,0.892,20.3,9039083,60331,0.000793244041692646
"서대문구","홍은1동",6.634328358,28.04975124,69,4,7,0.00139358948835357,0.000688783920975919,0.892,20.3,9039083,60331,0.000793244041692646
"서대문구","홍제3동",6.76119403,27.97014925,109,4,2,0.00047812574707148,0.000688783920975919,0.892,20.3,9039083,60331,0.000793244041692646
"서대문구","북가좌1동",6.619402985,28.65671642,152,4,1,0.000300210147102972,0.000688783920975919,0.892,20.3,9039083,60331,0.000793244041692646
"서대문구","남가좌2동",6.619402985,28.65671642,152,4,5,0.000939319932368965,0.000688783920975919,0.892,20.3,9039083,60331,0.000793244041692646
"서대문구","홍은2동",6.615671642,28.12437811,97,4,1,0.000170415814587594,0.000688783920975919,0.892,20.3,9039083,60331,0.000793244041692646
"서대문구","홍제2동",6.768656716,27.97014925,109,4,5,0.00168463611859838,0.000688783920975919,0.892,20.3,9039083,60331,0.000793244041692646
"서대문구","연희동",6.582089552,26.91791045,40,4,2,0.000307031010132023,0.000688783920975919,0.892,20.3,9039083,60331,0.000793244041692646
"서대문구","신촌동",6.567164179,28.65671642,152,4,3,0.00135196034249662,0.000688783920975919,0.892,20.3,9039083,60331,0.000793244041692646
"서초구","서초2동",6.731343284,28.21641791,98,1,4,0.00121765601217656,0.000598528411550114,0.4301,53.2,38335706,60991,0.000786496011871638
"서초구","서초4동",6.701492537,28.40547264,110,1,3,0.000647668393782383,0.000598528411550114,0.4301,53.2,38335706,60991,0.000786496011871638
"서초구","서초3동",6.735074627,28.21641791,98,1,6,0.00110578695171397,0.000598528411550114,0.4301,53.2,38335706,60991,0.000786496011871638
"서초구","방배2동",6.731343284,28.21641791,98,1,4,0.00104849279161206,0.000598528411550114,0.4301,53.2,38335706,60991,0.000786496011871638
"서초구","방배4동",6.552238806,28.07960199,71,1,2,0.000518000518000518,0.000598528411550114,0.4301,53.2,38335706,60991,0.000786496011871638
"서초구","방배본동",6.634328358,28.04975124,69,1,2,0.000587199060481503,0.000598528411550114,0.4301,53.2,38335706,60991,0.000786496011871638
"서초구","반포3동",6.731343284,28.21641791,98,1,4,0.00112994350282486,0.000598528411550114,0.4301,53.2,38335706,60991,0.000786496011871638
"서초구","내곡동",6.73880597,27.97014925,109,1,9,0.00248550124275062,0.000598528411550114,0.4301,53.2,38335706,60991,0.000786496011871638
"서초구","반포4동",6.731343284,28.21641791,98,1,2,0.000616712920135677,0.000598528411550114,0.4301,53.2,38335706,60991,0.000786496011871638
"서초구","반포2동",6.731343284,28.21641791,98,1,2,0.00053850296176629,0.000598528411550114,0.4301,53.2,38335706,60991,0.000786496011871638
"서초구","서초1동",6.604477612,28.12437811,97,1,3,0.00088809946714032,0.000598528411550114,0.4301,53.2,38335706,60991,0.000786496011871638
"서초구","잠원동",6.731343284,28.21641791,98,1,3,0.00079702444208289,0.000598528411550114,0.4301,53.2,38335706,60991,0.000786496011871638
"서초구","양재2동",6.73880597,28.40547264,62,1,6,0.00177883190038541,0.000598528411550114,0.4301,53.2,38335706,60991,0.000786496011871638
"서초구","반포1동",6.701492537,27.97014925,109,1,4,0.000897263346792284,0.000598528411550114,0.4301,53.2,38335706,60991,0.000786496011871638
"서초구","양재1동",6.731343284,28.21641791,98,1,11,0.00137861887454568,0.000598528411550114,0.4301,53.2,38335706,60991,0.000786496011871638
"서초구","방배1동",6.731343284,28.21641791,98,1,3,0.000918554807103491,0.000598528411550114,0.4301,53.2,38335706,60991,0.000786496011871638
"서초구","방배3동",6.52238806,28.07960199,71,1,3,0.00093837973099781,0.000598528411550114,0.4301,53.2,38335706,60991,0.000786496011871638
"성동구","성수1가1동",6.656716418,28.28358209,83,5,8,0.00309238500193274,0.000516014234875445,0.7398,30.2,13999893,54769,0.000811387900355872
"성동구","용답동",6.656716418,28.28358209,83,5,6,0.0025273799494524,0.000516014234875445,0.7398,30.2,13999893,54769,0.000811387900355872
"성동구","마장동",6.73880597,28.21641791,98,5,10,0.00234137204401779,0.000516014234875445,0.7398,30.2,13999893,54769,0.000811387900355872
"성동구","행당1동",6.656716418,28.28358209,83,5,3,0.00128150363092695,0.000516014234875445,0.7398,30.2,13999893,54769,0.000811387900355872
"성동구","응봉동",6.656716418,28.28358209,83,5,4,0.0014903129657228,0.000516014234875445,0.7398,30.2,13999893,54769,0.000811387900355872
"성동구","성수2가1동",6.679104478,28.58457711,112,5,2,0.000638773554774832,0.000516014234875445,0.7398,30.2,13999893,54769,0.000811387900355872
"성동구","왕십리도선동",6.656716418,28.28358209,83,5,4,0.000942507068803016,0.000516014234875445,0.7398,30.2,13999893,54769,0.000811387900355872
"성동구","성수2가3동",6.671641791,28.58457711,112,5,4,0.00209095661265029,0.000516014234875445,0.7398,30.2,13999893,54769,0.000811387900355872
"성동구","왕십리2동",6.656716418,28.28358209,83,5,8,0.0027972027972028,0.000516014234875445,0.7398,30.2,13999893,54769,0.000811387900355872
"성동구","행당2동",6.671641791,28.40547264,110,5,3,0.000700770847932726,0.000516014234875445,0.7398,30.2,13999893,54769,0.000811387900355872
"성동구","성수1가2동",6.679104478,28.58457711,112,5,6,0.0028169014084507,0.000516014234875445,0.7398,30.2,13999893,54769,0.000811387900355872
"성동구","금호4가동",6.626865672,28.48258706,64,5,4,0.00146842878120411,0.000516014234875445,0.7398,30.2,13999893,54769,0.000811387900355872
"성동구","금호1가동",6.589552239,28.28606965,21,5,4,0.00136892539356605,0.000516014234875445,0.7398,30.2,13999893,54769,0.000811387900355872
"성동구","옥수동",6.679104478,28.58457711,112,5,1,0.000217770034843206,0.000516014234875445,0.7398,30.2,13999893,54769,0.000811387900355872
"성동구","송정동",6.656716418,28.28358209,83,5,7,0.00350175087543772,0.000516014234875445,0.7398,30.2,13999893,54769,0.000811387900355872
"성동구","사근동",6.679104478,28.58457711,112,5,6,0.00381194409148666,0.000516014234875445,0.7398,30.2,13999893,54769,0.000811387900355872
"성북구","길음2동",6.626865672,28.2960199,41,3,4,0.00119796346211441,0.00039730760205113,0.7417,18.7,6371894,70609,0.000576212194787603
"성북구","보문동",6.626865672,28.48258706,64,3,8,0.00289330922242315,0.00039730760205113,0.7417,18.7,6371894,70609,0.000576212194787603
"성북구","석관동",6.514925373,28.79850746,69,3,10,0.00125219133483596,0.00039730760205113,0.7417,18.7,6371894,70609,0.000576212194787603
"성북구","삼선동",6.597014925,28.12437811,97,3,11,0.00258823529411765,0.00039730760205113,0.7417,18.7,6371894,70609,0.000576212194787603
"성북구","장위3동",6.664179104,28.28358209,83,3,7,0.002870028700287,0.00039730760205113,0.7417,18.7,6371894,70609,0.000576212194787603
"성북구","장위2동",6.664179104,28.55970149,97,3,4,0.00119083060434653,0.00039730760205113,0.7417,18.7,6371894,70609,0.000576212194787603
"성북구","성북동",6.470149254,28.21890547,107,3,10,0.00309789343246592,0.00039730760205113,0.7417,18.7,6371894,70609,0.000576212194787603
"성북구","안암동",6.514925373,28.79850746,69,3,7,0.00311526479750779,0.00039730760205113,0.7417,18.7,6371894,70609,0.000576212194787603
"성북구","돈암2동",6.626865672,28.2960199,41,3,3,0.000759493670886076,0.00039730760205113,0.7417,18.7,6371894,70609,0.000576212194787603
"성북구","장위1동",6.71641791,28.55970149,97,3,6,0.00131665569453588,0.00039730760205113,0.7417,18.7,6371894,70609,0.000576212194787603
"성북구","종암동",6.589552239,28.28606965,21,3,15,0.00199760287654814,0.00039730760205113,0.7417,18.7,6371894,70609,0.000576212194787603
"성북구","길음1동",6.626865672,28.48258706,64,3,6,0.00117118875658794,0.00039730760205113,0.7417,18.7,6371894,70609,0.000576212194787603
"성북구","월곡2동",6.723880597,28.10696517,62,3,13,0.00325814536340852,0.00039730760205113,0.7417,18.7,6371894,70609,0.000576212194787603
"성북구","월곡1동",6.73880597,28.40547264,62,3,6,0.0011263375258119,0.00039730760205113,0.7417,18.7,6371894,70609,0.000576212194787603
"성북구","동선동",6.611940299,28.07960199,14,3,10,0.00437636761487965,0.00039730760205113,0.7417,18.7,6371894,70609,0.000576212194787603
"성북구","돈암1동",6.589552239,28.07960199,14,3,2,0.000620732464307883,0.00039730760205113,0.7417,18.7,6371894,70609,0.000576212194787603
"송파구","가락1동",6.626865672,28.28606965,21,18,0,0,0.000283848992336077,0.6879,31.9,31834324,100543,0.000490284623125952
"송파구","가락2동",6.626865672,28.28606965,21,18,2,0.000398089171974522,0.000283848992336077,0.6879,31.9,31834324,100543,0.000490284623125952
"송파구","가락본동",6.626865672,28.48258706,64,18,7,0.00158299412030755,0.000283848992336077,0.6879,31.9,31834324,100543,0.000490284623125952
"송파구","잠실7동",6.664179104,28.2960199,41,18,1,0.000422832980972516,0.000283848992336077,0.6879,31.9,31834324,100543,0.000490284623125952
"송파구","송파1동",6.626865672,28.48258706,64,18,3,0.000779828437743696,0.000283848992336077,0.6879,31.9,31834324,100543,0.000490284623125952
"송파구","송파2동",6.611940299,28.12437811,97,18,3,0.000902255639097744,0.000283848992336077,0.6879,31.9,31834324,100543,0.000490284623125952
"송파구","거여2동",6.641791045,28.48258706,64,18,4,0.000831600831600832,0.000283848992336077,0.6879,31.9,31834324,100543,0.000490284623125952
"송파구","풍납1동",6.671641791,28.2960199,41,18,3,0.00101385603244339,0.000283848992336077,0.6879,31.9,31834324,100543,0.000490284623125952
"송파구","방이1동",6.470149254,28.79850746,69,18,1,0.000383435582822086,0.000283848992336077,0.6879,31.9,31834324,100543,0.000490284623125952
"송파구","방이2동",6.71641791,28.10696517,62,18,4,0.00100781053162006,0.000283848992336077,0.6879,31.9,31834324,100543,0.000490284623125952
"송파구","오금동",6.708955224,28.10696517,62,18,9,0.00117770217220623,0.000283848992336077,0.6879,31.9,31834324,100543,0.000490284623125952
"송파구","마천1동",6.641791045,28.48258706,64,18,5,0.00109051254089422,0.000283848992336077,0.6879,31.9,31834324,100543,0.000490284623125952
"송파구","마천2동",6.552238806,28.65671642,152,18,8,0.00175940180338685,0.000283848992336077,0.6879,31.9,31834324,100543,0.000490284623125952
"송파구","위례동",6.589552239,28.12437811,97,18,2,0.000489715964740451,0.000283848992336077,0.6879,31.9,31834324,100543,0.000490284623125952
"송파구","석촌동",6.597014925,28.12437811,97,18,4,0.000778816199376947,0.000283848992336077,0.6879,31.9,31834324,100543,0.000490284623125952
"송파구","잠실본동",6.634328358,28.2960199,41,18,3,0.000700607192900514,0.000283848992336077,0.6879,31.9,31834324,100543,0.000490284623125952
"송파구","잠실4동",6.708955224,28.10696517,62,18,1,0.000309693403530505,0.000283848992336077,0.6879,31.9,31834324,100543,0.000490284623125952
"송파구","문정1동",6.701492537,28.40547264,110,18,5,0.00141322781232335,0.000283848992336077,0.6879,31.9,31834324,100543,0.000490284623125952
"송파구","거여1동",6.649253731,28.28358209,83,18,4,0.0014903129657228,0.000283848992336077,0.6879,31.9,31834324,100543,0.000490284623125952
"송파구","잠실3동",6.649253731,28.28358209,83,18,1,0.000153704272978789,0.000283848992336077,0.6879,31.9,31834324,100543,0.000490284623125952
"송파구","풍납2동",6.589552239,28.12437811,97,18,2,0.000457770656900893,0.000283848992336077,0.6879,31.9,31834324,100543,0.000490284623125952
"송파구","삼전동",6.597014925,28.12437811,97,18,3,0.000664893617021277,0.000283848992336077,0.6879,31.9,31834324,100543,0.000490284623125952
"송파구","오륜동",6.71641791,28.10696517,62,18,1,0.000295072292711714,0.000283848992336077,0.6879,31.9,31834324,100543,0.000490284623125952
"송파구","문정2동",6.641791045,28.38059701,93,18,1,0.000222469410456062,0.000283848992336077,0.6879,31.9,31834324,100543,0.000490284623125952
"송파구","잠실6동",6.634328358,28.48258706,64,18,2,0.000611246943765281,0.000283848992336077,0.6879,31.9,31834324,100543,0.000490284623125952
"송파구","잠실2동",6.589552239,26.91791045,40,18,1,0.000244140625,0.000283848992336077,0.6879,31.9,31834324,100543,0.000490284623125952
"송파구","장지동",6.664179104,28.2960199,41,18,11,0.00211701308698999,0.000283848992336077,0.6879,31.9,31834324,100543,0.000490284623125952
"양천구","신정4동",6.686567164,28.21641791,98,1,3,0.000444378610576211,0.000460441706492228,0.7714,21.6,7356067,97368,0.000630555637462263
"양천구","신월6동",6.634328358,28.48258706,64,1,3,0.00134831460674157,0.000460441706492228,0.7714,21.6,7356067,97368,0.000630555637462263
"양천구","신정1동",6.723880597,28.10696517,62,1,3,0.00097497562560936,0.000460441706492228,0.7714,21.6,7356067,97368,0.000630555637462263
"양천구","신정2동",6.634328358,28.04975124,69,1,12,0.0039814200398142,0.000460441706492228,0.7714,21.6,7356067,97368,0.000630555637462263
"양천구","신정3동",6.585820896,26.91791045,40,1,2,0.000224693854623076,0.000460441706492228,0.7714,21.6,7356067,97368,0.000630555637462263
"양천구","목3동",6.634328358,28.04975124,69,1,4,0.00100452034153692,0.000460441706492228,0.7714,21.6,7356067,97368,0.000630555637462263
"양천구","신월4동",6.559701493,28.12437811,97,1,3,0.000781046602447279,0.000460441706492228,0.7714,21.6,7356067,97368,0.000630555637462263
"양천구","신월5동",6.71641791,28.10696517,62,1,23,0.00809289232934553,0.000460441706492228,0.7714,21.6,7356067,97368,0.000630555637462263
"양천구","목4동",6.753731343,28.40547264,62,1,2,0.000541418516513265,0.000460441706492228,0.7714,21.6,7356067,97368,0.000630555637462263
"양천구","목1동",6.52238806,28.60696517,152,1,2,0.000525624178712221,0.000460441706492228,0.7714,21.6,7356067,97368,0.000630555637462263
"양천구","목2동",6.73880597,28.21641791,98,1,14,0.00290697674418605,0.000460441706492228,0.7714,21.6,7356067,97368,0.000630555637462263
"양천구","신월7동",6.731343284,28.10696517,62,1,4,0.000828672053035011,0.000460441706492228,0.7714,21.6,7356067,97368,0.000630555637462263
"양천구","신정7동",6.686567164,28.65671642,152,1,4,0.000689536286847095,0.000460441706492228,0.7714,21.6,7356067,97368,0.000630555637462263
"양천구","목5동",6.611940299,28.28606965,21,1,3,0.000544069640914037,0.000460441706492228,0.7714,21.6,7356067,97368,0.000630555637462263
"양천구","신월1동",6.619402985,28.28606965,21,1,1,0.000204876049989756,0.000460441706492228,0.7714,21.6,7356067,97368,0.000630555637462263
"양천구","신정6동",6.634328358,28.65671642,152,1,4,0.00117889773062187,0.000460441706492228,0.7714,21.6,7356067,97368,0.000630555637462263
"양천구","신월3동",6.589552239,28.12437811,97,1,2,0.00058411214953271,0.000460441706492228,0.7714,21.6,7356067,97368,0.000630555637462263
"양천구","신월2동",6.589552239,28.28606965,21,1,1,0.000217912399215515,0.000460441706492228,0.7714,21.6,7356067,97368,0.000630555637462263
"영등포구","대림3동",6.514925373,28.21890547,107,16,6,0.00112866817155756,0.000537698808810807,0.6374,35.2,44265877,68995,0.000761296333266786
"영등포구","신길6동",6.604477612,28.12437811,97,16,4,0.00110987791342952,0.000537698808810807,0.6374,35.2,44265877,68995,0.000761296333266786
"영등포구","도림동",6.619402985,28.65671642,152,16,4,0.00107181136120043,0.000537698808810807,0.6374,35.2,44265877,68995,0.000761296333266786
"영등포구","신길4동",6.626865672,28.65671642,152,16,4,0.00148754183711417,0.000537698808810807,0.6374,35.2,44265877,68995,0.000761296333266786
"영등포구","대림2동",6.76119403,28.40547264,62,16,8,0.00233918128654971,0.000537698808810807,0.6374,35.2,44265877,68995,0.000761296333266786
"영등포구","여의동",6.664179104,28.2960199,41,16,4,0.000589101620029455,0.000537698808810807,0.6374,35.2,44265877,68995,0.000761296333266786
"영등포구","대림1동",6.73880597,28.40547264,62,16,3,0.000846979107848673,0.000537698808810807,0.6374,35.2,44265877,68995,0.000761296333266786
"영등포구","당산2동",6.597014925,28.21890547,107,16,4,0.000773694390715667,0.000537698808810807,0.6374,35.2,44265877,68995,0.000761296333266786
"영등포구","신길1동",6.514925373,28.21890547,107,16,7,0.00178480367159612,0.000537698808810807,0.6374,35.2,44265877,68995,0.000761296333266786
"영등포구","영등포동",6.52238806,28.60696517,152,16,4,0.00106923282544774,0.000537698808810807,0.6374,35.2,44265877,68995,0.000761296333266786
"영등포구","신길3동",6.552238806,28.65671642,152,16,4,0.00112803158488438,0.000537698808810807,0.6374,35.2,44265877,68995,0.000761296333266786
"영등포구","영등포본동",6.634328358,28.04975124,69,16,6,0.00126582278481013,0.000537698808810807,0.6374,35.2,44265877,68995,0.000761296333266786
"영등포구","신길7동",6.52238806,28.12437811,97,16,4,0.00137741046831956,0.000537698808810807,0.6374,35.2,44265877,68995,0.000761296333266786
"영등포구","양평1동",6.679104478,28.2960199,41,16,4,0.00156372165754496,0.000537698808810807,0.6374,35.2,44265877,68995,0.000761296333266786
"영등포구","당산1동",6.604477612,28.21890547,107,16,6,0.0016116035455278,0.000537698808810807,0.6374,35.2,44265877,68995,0.000761296333266786
"영등포구","문래동",6.514925373,28.21890547,107,16,5,0.00098173964264677,0.000537698808810807,0.6374,35.2,44265877,68995,0.000761296333266786
"영등포구","신길5동",6.723880597,28.10696517,62,16,5,0.00218435998252512,0.000537698808810807,0.6374,35.2,44265877,68995,0.000761296333266786
"영등포구","양평2동",6.671641791,28.2960199,41,16,5,0.00170415814587594,0.000537698808810807,0.6374,35.2,44265877,68995,0.000761296333266786
"용산구","남영동",6.597014925,28.12437811,97,4,4,0.00248138957816377,0.000900983306654471,0.6114,39.4,13294640,48949,0.00115252686942602
"용산구","이촌2동",6.634328358,28.04975124,69,4,2,0.00106609808102345,0.000900983306654471,0.6114,39.4,13294640,48949,0.00115252686942602
"용산구","서빙고동",6.641791045,28.04975124,69,4,5,0.00212765957446809,0.000900983306654471,0.6114,39.4,13294640,48949,0.00115252686942602
"용산구","한강로동",6.626865672,28.2960199,41,4,7,0.00205640423031727,0.000900983306654471,0.6114,39.4,13294640,48949,0.00115252686942602
"용산구","이촌1동",6.731343284,28.21641791,98,4,2,0.000433369447453954,0.000900983306654471,0.6114,39.4,13294640,48949,0.00115252686942602
"용산구","보광동",6.597014925,28.12437811,97,4,7,0.00392596747055524,0.000900983306654471,0.6114,39.4,13294640,48949,0.00115252686942602
"용산구","용산2가동",6.604477612,26.91791045,40,4,5,0.00234852043212776,0.000900983306654471,0.6114,39.4,13294640,48949,0.00115252686942602
"용산구","후암동",6.619402985,28.14179104,115,4,4,0.00125509883903357,0.000900983306654471,0.6114,39.4,13294640,48949,0.00115252686942602
"용산구","원효로2동",6.589552239,28.12437811,97,4,4,0.00157294534014943,0.000900983306654471,0.6114,39.4,13294640,48949,0.00115252686942602
"용산구","한남동",6.552238806,27.91791045,93,4,6,0.0021865889212828,0.000900983306654471,0.6114,39.4,13294640,48949,0.00115252686942602
"용산구","이태원1동",6.634328358,28.04975124,69,4,3,0.00208333333333333,0.000900983306654471,0.6114,39.4,13294640,48949,0.00115252686942602
"용산구","청파동",6.552238806,27.91791045,93,4,6,0.00174266627940749,0.000900983306654471,0.6114,39.4,13294640,48949,0.00115252686942602
"용산구","효창동",6.507462687,28.07960199,71,4,3,0.00179425837320574,0.000900983306654471,0.6114,39.4,13294640,48949,0.00115252686942602
"용산구","용문동",6.634328358,28.04975124,69,4,4,0.00171526586620926,0.000900983306654471,0.6114,39.4,13294640,48949,0.00115252686942602
"용산구","원효로1동",6.604477612,26.91791045,40,4,5,0.00231267345050879,0.000900983306654471,0.6114,39.4,13294640,48949,0.00115252686942602
"용산구","이태원2동",6.589552239,28.12437811,97,4,3,0.00153217568947906,0.000900983306654471,0.6114,39.4,13294640,48949,0.00115252686942602
"은평구","수색동",6.589552239,28.28606965,21,20,5,0.00148588410104012,0.000430641076731241,0.5347,16,5112192,68309,0.000548478187279591
"은평구","구산동",6.634328358,28.14179104,115,20,6,0.00086617583369424,0.000430641076731241,0.5347,16,5112192,68309,0.000548478187279591
"은평구","갈현2동",6.611940299,28.14179104,115,20,3,0.000525394045534151,0.000430641076731241,0.5347,16,5112192,68309,0.000548478187279591
"은평구","진관동",6.582089552,28.07960199,14,20,9,0.000949767834529337,0.000430641076731241,0.5347,16,5112192,68309,0.000548478187279591
"은평구","역촌동",6.634328358,28.04975124,69,20,5,0.000521702838063439,0.000430641076731241,0.5347,16,5112192,68309,0.000548478187279591
"은평구","응암2동",6.626865672,28.2960199,41,20,3,0.000682283375028428,0.000430641076731241,0.5347,16,5112192,68309,0.000548478187279591
"은평구","응암1동",6.634328358,28.04975124,69,20,4,0.000684228532329798,0.000430641076731241,0.5347,16,5112192,68309,0.000548478187279591
"은평구","신사2동",6.582089552,28.12437811,97,20,5,0.00116387337057728,0.000430641076731241,0.5347,16,5112192,68309,0.000548478187279591
"은평구","증산동",6.656716418,28.2960199,41,20,4,0.00112139052425007,0.000430641076731241,0.5347,16,5112192,68309,0.000548478187279591
"은평구","대조동",6.723880597,28.21641791,98,20,5,0.000901875901875902,0.000430641076731241,0.5347,16,5112192,68309,0.000548478187279591
"은평구","응암3동",6.626865672,28.2960199,41,20,6,0.000976403580146461,0.000430641076731241,0.5347,16,5112192,68309,0.000548478187279591
"은평구","갈현1동",6.626865672,28.14179104,115,20,3,0.000914634146341463,0.000430641076731241,0.5347,16,5112192,68309,0.000548478187279591
"은평구","신사1동",6.537313433,28.30845771,36,20,4,0.000696621386276559,0.000430641076731241,0.5347,16,5112192,68309,0.000548478187279591
"은평구","불광2동",6.597014925,28.14179104,115,20,5,0.000753693096171239,0.000430641076731241,0.5347,16,5112192,68309,0.000548478187279591
"은평구","불광1동",6.604477612,28.14179104,115,20,8,0.000930990340975212,0.000430641076731241,0.5347,16,5112192,68309,0.000548478187279591
"은평구","녹번동",6.708955224,28.10696517,62,20,6,0.000761711311412974,0.000430641076731241,0.5347,16,5112192,68309,0.000548478187279591
"종로구","부암동",6.619402985,28.21890547,107,2,3,0.00152671755725191,0.00141463725164275,0.5339,42,35719537,32325,0.00210780950494769
"종로구","평창동",6.604477612,28.21890547,107,2,4,0.00105680317040951,0.00141463725164275,0.5339,42,35719537,32325,0.00210780950494769
"종로구","숭인1동",6.73880597,28.40547264,62,2,2,0.00150037509377344,0.00141463725164275,0.5339,42,35719537,32325,0.00210780950494769
"종로구","창신2동",6.626865672,28.28606965,21,2,5,0.00252908447142135,0.00141463725164275,0.5339,42,35719537,32325,0.00210780950494769
"종로구","가회동",6.589552239,28.07960199,14,2,4,0.00462962962962963,0.00141463725164275,0.5339,42,35719537,32325,0.00210780950494769
"종로구","청운효자동",6.619402985,28.21890547,107,2,4,0.0017905102954342,0.00141463725164275,0.5339,42,35719537,32325,0.00210780950494769
"종로구","창신3동",6.634328358,28.04975124,69,2,4,0.00289645184648805,0.00141463725164275,0.5339,42,35719537,32325,0.00210780950494769
"종로구","숭인2동",6.597014925,28.12437811,97,2,5,0.00273522975929978,0.00141463725164275,0.5339,42,35719537,32325,0.00210780950494769
"종로구","사직동",6.470149254,28.21890547,107,2,2,0.00103896103896104,0.00141463725164275,0.5339,42,35719537,32325,0.00210780950494769
"종로구","창신1동",6.708955224,28.10696517,62,2,3,0.00237906423473434,0.00141463725164275,0.5339,42,35719537,32325,0.00210780950494769
"종로구","교남동",6.641791045,28.04975124,69,2,4,0.00229885057471264,0.00141463725164275,0.5339,42,35719537,32325,0.00210780950494769
"종로구","혜화동",6.649253731,28.04975124,69,2,6,0.00216998191681736,0.00141463725164275,0.5339,42,35719537,32325,0.00210780950494769
"종로구","이화동",6.73880597,28.21641791,98,2,5,0.00355113636363636,0.00141463725164275,0.5339,42,35719537,32325,0.00210780950494769
"종로구","무악동",6.514925373,28.79850746,69,2,4,0.00259067357512953,0.00141463725164275,0.5339,42,35719537,32325,0.00210780950494769
"종로구","삼청동",6.723880597,28.10696517,62,2,2,0.00310077519379845,0.00141463725164275,0.5339,42,35719537,32325,0.00210780950494769
"중구","명동",6.731343284,28.10696517,62,5,2,0.00258732212160414,0.00183498426563265,0.9989,53.6,61342710,25849,0.00229995765420925
"중구","동화동",6.71641791,28.10696517,62,5,7,0.00318471337579618,0.00183498426563265,0.9989,53.6,61342710,25849,0.00229995765420925
"중구","중림동",6.611940299,28.28606965,21,5,7,0.00309050772626932,0.00183498426563265,0.9989,53.6,61342710,25849,0.00229995765420925
"중구","신당동",6.682835821,28.38059701,93,5,5,0.00306560392397302,0.00183498426563265,0.9989,53.6,61342710,25849,0.00229995765420925
"중구","황학동",6.611940299,28.28606965,21,5,3,0.00134831460674157,0.00183498426563265,0.9989,53.6,61342710,25849,0.00229995765420925
"중구","신당5동",6.753731343,28.40547264,62,5,4,0.00199501246882793,0.00183498426563265,0.9989,53.6,61342710,25849,0.00229995765420925
"중구","다산동",6.619402985,28.2960199,41,5,7,0.00229658792650919,0.00183498426563265,0.9989,53.6,61342710,25849,0.00229995765420925
"중구","필동",6.611940299,28.28606965,21,5,3,0.00323974082073434,0.00183498426563265,0.9989,53.6,61342710,25849,0.00229995765420925
"중구","청구동",6.611940299,28.28606965,21,5,5,0.0016627868307283,0.00183498426563265,0.9989,53.6,61342710,25849,0.00229995765420925
"중구","약수동",6.76119403,28.40547264,62,5,7,0.00164512338425382,0.00183498426563265,0.9989,53.6,61342710,25849,0.00229995765420925
"중구","장충동",6.634328358,28.04975124,69,5,3,0.00325027085590466,0.00183498426563265,0.9989,53.6,61342710,25849,0.00229995765420925
"중구","을지로동",6.723880597,28.21641791,98,5,2,0.00388349514563107,0.00183498426563265,0.9989,53.6,61342710,25849,0.00229995765420925
"중구","회현동",6.611940299,28.28606965,21,5,3,0.00216763005780347,0.00183498426563265,0.9989,53.6,61342710,25849,0.00229995765420925
"중구","소공동",6.626865672,28.48258706,64,5,1,0.00284090909090909,0.00183498426563265,0.9989,53.6,61342710,25849,0.00229995765420925
"중구","광희동",6.626865672,28.2960199,41,5,4,0.0033195020746888,0.00183498426563265,0.9989,53.6,61342710,25849,0.00229995765420925
"중랑구","면목4동",6.649253731,28.28358209,83,11,5,0.00118539592223803,0.000537218609044997,0.6044,15.4,4860242,63613,0.000633243191338064
"중랑구","상봉1동",6.723880597,28.10696517,62,11,6,0.00132802124833997,0.000537218609044997,0.6044,15.4,4860242,63613,0.000633243191338064
"중랑구","상봉2동",6.708955224,28.10696517,62,11,3,0.000887049083382614,0.000537218609044997,0.6044,15.4,4860242,63613,0.000633243191338064
"중랑구","망우3동",6.649253731,28.28358209,83,11,3,0.00077962577962578,0.000537218609044997,0.6044,15.4,4860242,63613,0.000633243191338064
"중랑구","망우본동",6.649253731,28.28358209,83,11,5,0.000648845055800675,0.000537218609044997,0.6044,15.4,4860242,63613,0.000633243191338064
"중랑구","신내2동",6.589552239,28.12437811,97,11,4,0.000847816871555744,0.000537218609044997,0.6044,15.4,4860242,63613,0.000633243191338064
"중랑구","중화2동",6.723880597,28.6641791,115,11,4,0.000714413288087158,0.000537218609044997,0.6044,15.4,4860242,63613,0.000633243191338064
"중랑구","면목5동",6.649253731,28.28358209,83,11,3,0.0011290929619872,0.000537218609044997,0.6044,15.4,4860242,63613,0.000633243191338064
"중랑구","신내1동",6.708955224,28.10696517,62,11,6,0.000755857898715042,0.000537218609044997,0.6044,15.4,4860242,63613,0.000633243191338064
"중랑구","중화1동",6.589552239,28.12437811,97,11,3,0.000715478177915574,0.000537218609044997,0.6044,15.4,4860242,63613,0.000633243191338064
"중랑구","묵2동",6.589552239,28.12437811,97,11,3,0.000736377025036819,0.000537218609044997,0.6044,15.4,4860242,63613,0.000633243191338064
"중랑구","면목7동",6.76119403,28.40547264,62,11,4,0.000818330605564648,0.000537218609044997,0.6044,15.4,4860242,63613,0.000633243191338064
"중랑구","면목2동",6.671641791,28.58457711,112,11,4,0.000760745530620008,0.000537218609044997,0.6044,15.4,4860242,63613,0.000633243191338064
"중랑구","묵1동",6.597014925,28.12437811,97,11,3,0.000449977501124944,0.000537218609044997,0.6044,15.4,4860242,63613,0.000633243191338064
"중랑구","면목본동",6.649253731,28.28358209,83,11,5,0.000727907992429757,0.000537218609044997,0.6044,15.4,4860242,63613,0.000633243191338064
