"동별(1)",동별(2),2022,2022,2022,2022,2022,2022,2022,2022,2022,2022
"동별(1)",동별(2),총 수급자,총 수급자,일반수급자,일반수급자,조건부 수급자,조건부 수급자,특례수급자,특례수급자,시설수급자,시설수급자
"동별(1)",동별(2),인원,인원,인원,인원,인원,인원,인원,인원,인원,인원
"동별(1)",동별(2),남자,여자,남자,여자,남자,여자,남자,여자,남자,여자
"종로구",소계,3226,2471,2457,1836,464,259,118,61,187,315
"종로구",사직동,58,57,54,54,4,2,-,1,-,-
"종로구",삼청동,17,23,11,19,5,1,1,3,-,-
"종로구",부암동,66,84,55,70,9,9,2,5,-,-
"종로구",평창동,63,91,52,73,11,15,-,3,-,-
"종로구",무악동,83,133,71,123,9,5,3,5,-,-
"종로구",교남동,113,128,88,110,23,15,2,3,-,-
"종로구",가회동,36,40,29,38,4,2,3,-,-,-
"종로구",종로1.2.3.4가동,710,137,556,116,127,20,27,1,-,-
"종로구",종로5.6가동,219,103,169,82,43,17,7,4,-,-
"종로구",이화동,146,161,117,137,22,22,7,2,-,-
"종로구",창신1동,318,149,264,121,42,22,12,6,-,-
"종로구",창신2동,305,252,257,209,36,33,12,10,-,-
"종로구",창신3동,137,117,106,96,25,21,6,-,-,-
"종로구",숭인1동,153,171,120,146,19,19,14,6,-,-
"종로구",숭인2동,333,173,274,150,46,17,13,6,-,-
"종로구",청운효자동,84,146,74,135,9,9,1,2,-,-
"종로구",혜화동,194,186,156,152,30,30,8,4,-,-
"종로구",기타,191,320,4,5,-,-,-,-,187,315
"중구",소계,3308,2838,2794,2504,412,220,50,55,52,59
"중구",소공동,36,9,24,9,10,-,2,-,-,-
"중구",회현동,342,95,291,89,46,3,5,3,-,-
"중구",명동,41,36,31,34,10,1,-,1,-,-
"중구",필동,71,39,62,32,7,5,2,2,-,-
"중구",장충동,77,76,64,63,12,8,1,5,-,-
"중구",광희동,139,102,115,91,21,11,3,-,-,-
"중구",을지로동,143,27,126,23,16,4,1,-,-,-
"중구",신당5동,285,260,247,244,34,13,4,3,-,-
"중구",황학동,305,247,257,220,44,21,4,6,-,-
"중구",중림동,437,245,355,216,76,25,6,4,-,-
"중구",신당동,285,203,256,185,24,18,5,-,-,-
"중구",다산동,263,269,227,232,31,32,5,5,-,-
"중구",약수동,395,593,344,543,43,43,8,7,-,-
"중구",청구동,327,455,300,409,23,27,4,19,-,-
"중구",동화동,110,121,95,112,15,9,-,-,-,-
"중구",기타,52,61,-,2,-,-,-,-,52,59
"용산구",소계,4676,4405,3622,3563,807,588,148,109,99,145
"용산구",후암동,432,463,342,376,81,77,9,10,-,-
"용산구",용산2가동,259,352,196,283,49,53,14,16,-,-
"용산구",남영동,1135,225,904,192,198,26,33,7,-,-
"용산구",원효로2동,209,250,174,218,30,26,5,6,-,-
"용산구",효창동,72,96,59,82,10,12,3,2,-,-
"용산구",용문동,165,283,136,249,25,27,4,7,-,-
"용산구",이촌1동,23,39,17,33,6,6,-,-,-,-
"용산구",이촌2동,75,121,60,111,13,9,2,1,-,-
"용산구",이태원1동,101,138,79,109,19,23,3,6,-,-
"용산구",이태원2동,105,202,84,158,19,39,2,5,-,-
"용산구",서빙고동,166,193,125,155,35,33,6,5,-,-
"용산구",보광동,483,623,379,524,86,86,18,13,-,-
"용산구",청파동,619,570,485,466,111,90,23,14,-,-
"용산구",원효로1동,258,174,196,154,52,17,10,3,-,-
"용산구",한강로동,206,230,163,190,38,34,5,6,-,-
"용산구",한남동,268,298,222,260,35,30,11,8,-,-
"용산구",기타,100,148,1,3,-,-,-,-,99,145
"성동구",소계,5024,5214,3719,4118,1089,951,78,71,138,74
"성동구",왕십리2동,261,316,195,245,63,66,3,5,-,-
"성동구",마장동,412,442,291,340,111,87,10,15,-,-
"성동구",사근동,115,135,85,106,25,27,5,2,-,-
"성동구",행당1동,192,199,152,162,39,33,1,4,-,-
"성동구",행당2동,335,560,267,463,65,92,3,5,-,-
"성동구",응봉동,120,119,99,102,20,16,1,1,-,-
"성동구",금호1가동,282,438,222,366,53,65,7,7,-,-
"성동구",금호4가동,188,272,145,226,42,45,1,1,-,-
"성동구",성수1가1동,299,222,228,169,67,49,4,4,-,-
"성동구",성수1가2동,119,108,91,82,28,25,-,1,-,-
"성동구",성수2가1동,468,328,343,258,121,69,4,1,-,-
"성동구",성수2가3동,135,72,94,52,37,20,4,-,-,-
"성동구",송정동,409,321,328,260,76,60,5,1,-,-
"성동구",용답동,513,360,384,277,119,75,10,8,-,-
"성동구",왕십리도선동,462,506,350,417,105,85,7,4,-,-
"성동구",금호2.3가동,346,425,262,333,80,90,4,2,-,-
"성동구",옥수동,229,316,182,259,38,47,9,10,-,-
"성동구",기타,139,75,1,1,-,-,-,-,138,74
"광진구",소계,6442,7093,5292,5942,1086,1029,50,47,14,75
"광진구",화양동,384,309,340,273,43,35,1,1,-,-
"광진구",군자동,505,449,452,419,49,28,4,2,-,-
"광진구",중곡1동,460,513,385,427,73,84,2,2,-,-
"광진구",중곡2동,478,509,393,435,81,72,4,2,-,-
"광진구",중곡3동,568,666,462,552,104,111,2,3,-,-
"광진구",중곡4동,716,885,566,725,140,151,10,9,-,-
"광진구",능동,186,223,151,189,33,34,2,-,-,-
"광진구",구의1동,460,530,394,459,65,69,1,2,-,-
"광진구",구의2동,544,638,429,522,113,113,2,3,-,-
"광진구",구의3동,241,293,193,246,47,47,1,-,-,-
"광진구",광장동,127,128,116,112,7,13,4,3,-,-
"광진구",자양1동,640,692,522,588,108,94,10,10,-,-
"광진구",자양2동,396,511,315,409,79,99,2,3,-,-
"광진구",자양3동,185,205,154,185,30,19,1,1,-,-
"광진구",자양4동,538,467,420,401,114,60,4,6,-,-
"광진구",기타,14,75,-,-,-,-,-,-,14,75
"동대문구",소계,8373,7955,6945,6653,1144,894,224,296,60,112
"동대문구",회기동,180,173,146,144,30,23,4,6,-,-
"동대문구",휘경1동,188,172,137,140,46,28,5,4,-,-
"동대문구",휘경2동,332,327,293,284,33,40,6,3,-,-
"동대문구",청량리동,967,861,832,749,110,72,25,40,-,-
"동대문구",용신동,1020,662,855,576,139,76,26,10,-,-
"동대문구",제기동,915,686,775,591,111,64,29,31,-,-
"동대문구",전농1동,954,882,778,753,142,74,34,55,-,-
"동대문구",전농2동,316,479,261,416,40,41,15,22,-,-
"동대문구",답십리2동,595,753,506,664,71,64,18,25,-,-
"동대문구",장안1동,860,808,739,688,106,104,15,16,-,-
"동대문구",장안2동,717,665,574,508,133,138,10,19,-,-
"동대문구",이문1동,391,375,323,318,60,49,8,8,-,-
"동대문구",이문2동,464,551,392,452,55,60,17,39,-,-
"동대문구",답십리1동,410,445,330,366,68,61,12,18,-,-
"동대문구",기타,64,116,4,4,-,-,-,-,60,112
"중랑구",소계,13075,14944,11070,12711,1777,1694,105,111,123,428
"중랑구",면목2동,835,913,738,816,93,91,4,6,-,-
"중랑구",면목4동,817,977,664,831,147,141,6,5,-,-
"중랑구",면목5동,385,404,324,346,60,53,1,5,-,-
"중랑구",면목7동,560,588,466,508,91,70,3,10,-,-
"중랑구",상봉1동,773,943,644,801,122,137,7,5,-,-
"중랑구",상봉2동,578,522,484,455,85,59,9,8,-,-
"중랑구",중화1동,518,590,426,508,88,80,4,2,-,-
"중랑구",중화2동,1299,1270,1079,1075,212,187,8,8,-,-
"중랑구",묵1동,530,714,441,630,86,82,3,2,-,-
"중랑구",묵2동,521,610,447,534,71,70,3,6,-,-
"중랑구",망우3동,975,1005,805,854,150,135,20,16,-,-
"중랑구",신내1동,1005,1278,920,1174,80,98,5,6,-,-
"중랑구",신내2동,651,795,587,712,60,79,4,4,-,-
"중랑구",면목본동,1278,1373,1124,1242,142,124,12,7,-,-
"중랑구",면목3.8동,922,1057,787,921,124,123,11,13,-,-
"중랑구",망우본동,1303,1473,1132,1300,166,165,5,8,-,-
"중랑구",기타,125,432,2,4,-,-,-,-,123,428
"성북구",소계,7766,9454,5714,7101,1824,1971,115,107,113,275
"성북구",돈암1동,253,376,193,316,53,59,7,1,-,-
"성북구",돈암2동,163,204,129,177,28,25,6,2,-,-
"성북구",안암동,213,245,164,184,45,55,4,6,-,-
"성북구",보문동,231,296,174,225,54,66,3,5,-,-
"성북구",정릉1동,208,245,161,198,47,46,-,1,-,-
"성북구",정릉2동,382,428,278,317,102,107,2,4,-,-
"성북구",정릉3동,360,424,295,347,60,75,5,2,-,-
"성북구",정릉4동,380,494,297,404,80,88,3,2,-,-
"성북구",길음1동,240,402,199,339,35,55,6,8,-,-
"성북구",길음2동,248,325,187,270,58,51,3,4,-,-
"성북구",월곡1동,475,543,326,412,140,123,9,8,-,-
"성북구",월곡2동,367,413,288,349,73,60,6,4,-,-
"성북구",장위1동,866,1154,575,789,277,358,14,7,-,-
"성북구",장위2동,537,616,377,428,149,175,11,13,-,-
"성북구",장위3동,237,320,183,255,52,58,2,7,-,-
"성북구",성북동,210,252,166,189,44,58,-,5,-,-
"성북구",삼선동,460,466,352,371,100,85,8,10,-,-
"성북구",동선동,225,242,181,180,43,57,1,5,-,-
"성북구",종암동,674,764,495,594,168,163,11,7,-,-
"성북구",석관동,916,966,686,753,216,207,14,6,-,-
"성북구",기타,121,279,8,4,-,-,-,-,113,275
"강북구",소계,10388,12458,8196,10124,1916,1917,187,262,89,155
"강북구",번1동,641,635,515,537,116,87,10,11,-,-
"강북구",번2동,855,1082,636,870,194,183,25,29,-,-
"강북구",번3동,1248,1646,1035,1392,188,223,25,31,-,-
"강북구",수유1동,712,861,570,709,133,139,9,13,-,-
"강북구",수유2동,545,888,435,756,102,119,8,13,-,-
"강북구",수유3동,904,884,724,737,171,134,9,13,-,-
"강북구",삼양동,864,924,661,697,189,197,14,30,-,-
"강북구",미아동,711,659,565,541,130,100,16,18,-,-
"강북구",송중동,737,841,602,689,118,120,17,32,-,-
"강북구",송천동,951,981,778,823,157,145,16,13,-,-
"강북구",삼각산동,504,878,407,744,86,116,11,18,-,-
"강북구",우이동,572,731,446,594,121,125,5,12,-,-
"강북구",인수동,1053,1291,820,1033,211,229,22,29,-,-
"강북구",기타,91,157,2,2,-,-,-,-,89,155
"도봉구",소계,7399,8776,5903,6992,1359,1512,59,58,78,214
"도봉구",쌍문1동,550,715,431,572,115,140,4,3,-,-
"도봉구",쌍문2동,509,637,411,521,94,112,4,4,-,-
"도봉구",쌍문3동,471,514,382,423,83,89,6,2,-,-
"도봉구",쌍문4동,145,238,130,209,15,28,-,1,-,-
"도봉구",방학1동,929,978,750,798,177,175,2,5,-,-
"도봉구",방학2동,1237,1426,968,1118,257,300,12,8,-,-
"도봉구",방학3동,191,250,182,234,9,16,-,-,-,-
"도봉구",창1동,289,351,244,311,43,40,2,-,-,-
"도봉구",창2동,567,779,425,600,134,164,8,15,-,-
"도봉구",창3동,499,660,396,514,99,144,4,2,-,-
"도봉구",창4동,176,182,139,154,35,27,2,1,-,-
"도봉구",창5동,319,323,258,278,58,42,3,3,-,-
"도봉구",도봉1동,900,871,720,711,174,154,6,6,-,-
"도봉구",도봉2동,536,627,464,539,66,80,6,8,-,-
"도봉구",기타,81,225,3,10,-,1,-,-,78,214
"노원구",소계,13752,18701,10498,14532,2949,3639,86,116,219,414
"노원구",월계1동,460,381,341,287,115,89,4,5,-,-
"노원구",월계2동,1314,1713,1054,1407,250,293,10,13,-,-
"노원구",월계3동,873,1248,686,981,185,263,2,4,-,-
"노원구",공릉2동,464,583,371,474,92,108,1,1,-,-
"노원구",하계1동,1111,1711,863,1348,237,356,11,7,-,-
"노원구",하계2동,482,744,378,614,102,124,2,6,-,-
"노원구",중계본동,251,355,196,265,53,89,2,1,-,-
"노원구",중계1동,283,491,219,371,63,115,1,5,-,-
"노원구",중계4동,775,1047,637,866,135,175,3,6,-,-
"노원구",상계1동,812,1183,616,930,190,249,6,4,-,-
"노원구",상계2동,539,532,404,442,130,86,5,4,-,-
"노원구",상계5동,937,1175,653,830,279,333,5,12,-,-
"노원구",상계8동,124,213,107,179,16,34,1,-,-,-
"노원구",상계9동,229,342,198,294,29,46,2,2,-,-
"노원구",상계10동,170,258,137,199,33,56,-,3,-,-
"노원구",상계3.4동,1097,1437,820,1138,267,289,10,10,-,-
"노원구",상계6.7동,403,620,299,481,101,130,3,9,-,-
"노원구",중계2.3동,1976,2877,1513,2265,454,594,9,18,-,-
"노원구",공릉1동,1204,1354,977,1138,218,210,9,6,-,-
"노원구",기타,248,437,29,23,-,-,-,-,219,414
"은평구",소계,11792,14130,8281,10880,2233,2640,138,193,1140,417
"은평구",녹번동,845,949,691,797,145,144,9,8,-,-
"은평구",불광1동,822,1069,644,849,158,194,20,26,-,-
"은평구",갈현1동,616,738,442,524,169,208,5,6,-,-
"은평구",갈현2동,681,890,511,664,164,220,6,6,-,-
"은평구",구산동,692,948,552,759,133,183,7,6,-,-
"은평구",대조동,795,905,646,753,147,142,2,10,-,-
"은평구",응암1동,524,748,405,595,113,145,6,8,-,-
"은평구",응암2동,460,657,371,536,78,113,11,8,-,-
"은평구",신사1동,510,631,413,480,85,140,12,11,-,-
"은평구",신사2동,519,631,365,466,146,153,8,12,-,-
"은평구",증산동,345,389,254,301,89,84,2,4,-,-
"은평구",수색동,215,365,166,302,49,60,-,3,-,-
"은평구",진관동,635,1037,517,860,107,164,11,13,-,-
"은평구",불광2동,1036,1210,806,981,218,202,12,27,-,-
"은평구",응암3동,905,1077,658,835,227,211,20,31,-,-
"은평구",역촌동,1021,1451,810,1160,204,277,7,14,-,-
"은평구",기타,1171,435,30,18,1,-,-,-,1140,417
"서대문구",소계,5274,6727,4229,5456,887,995,39,55,119,221
"서대문구",천연동,339,437,279,377,57,57,3,3,-,-
"서대문구",홍제1동,388,448,326,369,61,74,1,5,-,-
"서대문구",홍제3동,343,494,288,425,51,64,4,5,-,-
"서대문구",홍제2동,248,389,218,342,27,46,3,1,-,-
"서대문구",홍은1동,337,422,292,370,43,49,2,3,-,-
"서대문구",홍은2동,576,701,443,528,131,170,2,3,-,-
"서대문구",남가좌1동,124,195,102,164,20,27,2,4,-,-
"서대문구",남가좌2동,616,775,484,648,125,118,7,9,-,-
"서대문구",북가좌1동,206,335,172,288,30,45,4,2,-,-
"서대문구",북가좌2동,709,881,587,738,119,135,3,8,-,-
"서대문구",충현동,371,389,304,332,64,50,3,7,-,-
"서대문구",북아현동,291,304,235,262,54,41,2,1,-,-
"서대문구",신촌동,208,227,179,180,28,45,1,2,-,-
"서대문구",연희동,389,501,310,425,77,74,2,2,-,-
"서대문구",기타,129,229,10,8,-,-,-,-,119,221
"마포구",소계,4905,6224,3626,4864,1086,1152,79,103,114,105
"마포구",용강동,188,257,152,229,35,24,1,4,-,-
"마포구",대흥동,236,230,181,197,53,28,2,5,-,-
"마포구",염리동,181,250,143,205,34,43,4,2,-,-
"마포구",신수동,184,227,137,185,42,39,5,3,-,-
"마포구",서교동,219,208,145,156,68,48,6,4,-,-
"마포구",합정동,234,271,189,218,42,51,3,2,-,-
"마포구",망원1동,303,383,205,288,94,92,4,3,-,-
"마포구",망원2동,218,287,168,233,48,49,2,5,-,-
"마포구",연남동,121,155,95,127,26,27,-,1,-,-
"마포구",성산1동,280,316,202,228,68,81,10,7,-,-
"마포구",성산2동,956,1329,700,1031,236,275,20,23,-,-
"마포구",상암동,536,772,408,568,122,194,6,10,-,-
"마포구",도화동,222,280,189,241,31,35,2,4,-,-
"마포구",서강동,166,195,129,164,35,29,2,2,-,-
"마포구",공덕동,511,629,399,529,105,83,7,17,-,-
"마포구",아현동,232,329,180,264,47,54,5,11,-,-
"마포구",기타,118,106,4,1,-,-,-,-,114,105
"양천구",소계,7724,9996,6498,8472,1098,1289,37,83,91,152
"양천구",목1동,146,240,138,226,8,14,-,-,-,-
"양천구",목2동,478,598,404,518,73,76,1,4,-,-
"양천구",목3동,501,608,428,526,73,79,-,3,-,-
"양천구",목4동,458,576,393,497,65,76,-,3,-,-
"양천구",신월1동,851,991,706,839,142,142,3,10,-,-
"양천구",신월2동,335,423,275,365,58,53,2,5,-,-
"양천구",신월3동,734,757,629,666,100,88,5,3,-,-
"양천구",신월4동,187,256,162,215,23,39,2,2,-,-
"양천구",신월5동,333,417,288,368,44,48,1,1,-,-
"양천구",신월6동,142,196,120,163,20,26,2,7,-,-
"양천구",신월7동,454,586,392,496,60,85,2,5,-,-
"양천구",신정1동,119,147,105,128,14,19,-,-,-,-
"양천구",신정2동,278,421,234,366,43,51,1,4,-,-
"양천구",신정3동,1040,1444,893,1215,141,216,6,13,-,-
"양천구",신정6동,28,38,28,38,-,-,-,-,-,-
"양천구",신정7동,666,1180,588,1039,71,120,7,21,-,-
"양천구",목5동,19,27,18,27,-,-,1,-,-,-
"양천구",신정4동,862,932,695,773,163,157,4,2,-,-
"양천구",기타,93,159,2,7,-,-,-,-,91,152
"강서구",소계,14183,17545,11426,14211,2262,2664,288,376,207,294
"강서구",염창동,104,136,85,124,19,12,-,-,-,-
"강서구",등촌1동,116,151,94,125,22,21,-,5,-,-
"강서구",등촌2동,183,267,147,210,34,53,2,4,-,-
"강서구",등촌3동,2417,2909,1944,2386,372,409,101,114,-,-
"강서구",화곡본동,864,1148,704,938,153,197,7,13,-,-
"강서구",화곡2동,438,557,346,457,91,97,1,3,-,-
"강서구",화곡3동,312,365,249,300,59,58,4,7,-,-
"강서구",화곡4동,518,755,404,595,108,147,6,13,-,-
"강서구",화곡6동,473,568,373,463,89,88,11,17,-,-
"강서구",화곡8동,479,665,399,536,76,123,4,6,-,-
"강서구",가양1동,147,172,128,143,17,27,2,2,-,-
"강서구",가양2동,1658,1824,1412,1538,222,258,24,28,-,-
"강서구",가양3동,972,1311,830,1114,122,161,20,36,-,-
"강서구",발산1동,676,1024,542,809,123,199,11,16,-,-
"강서구",공항동,830,972,666,766,142,185,22,21,-,-
"강서구",방화1동,663,693,543,596,108,89,12,8,-,-
"강서구",방화2동,798,930,651,774,133,130,14,26,-,-
"강서구",방화3동,1035,1318,868,1099,140,193,27,26,-,-
"강서구",화곡1동,978,1085,782,897,180,161,16,27,-,-
"강서구",우장산동,307,392,251,332,52,56,4,4,-,-
"강서구",기타,215,303,8,9,-,-,-,-,207,294
"구로구",소계,6734,8083,5334,6232,1030,1176,267,324,103,351
"구로구",신도림동,86,119,73,103,10,13,3,3,-,-
"구로구",구로1동,42,73,34,59,5,13,3,1,-,-
"구로구",구로3동,277,265,235,222,37,26,5,17,-,-
"구로구",구로4동,471,577,374,476,68,67,29,34,-,-
"구로구",구로5동,262,309,217,255,35,48,10,6,-,-
"구로구",고척1동,347,352,273,272,60,64,14,16,-,-
"구로구",고척2동,591,773,481,629,88,108,22,36,-,-
"구로구",개봉2동,434,447,344,351,76,81,14,15,-,-
"구로구",개봉3동,302,409,253,321,38,73,11,15,-,-
"구로구",오류1동,525,629,442,524,58,77,25,28,-,-
"구로구",수궁동,491,561,378,421,94,116,19,24,-,-
"구로구",가리봉동,386,277,314,242,55,31,17,4,-,-
"구로구",구로2동,534,618,440,535,76,59,18,24,-,-
"구로구",개봉1동,814,837,649,681,141,134,24,22,-,-
"구로구",오류2동,805,1112,628,852,134,196,43,64,-,-
"구로구",항동,263,351,198,267,55,69,10,15,-,-
"구로구",기타,104,374,1,22,-,1,-,-,103,351
"금천구",소계,6166,7096,4582,5425,1464,1421,29,43,91,207
"금천구",가산동,512,312,377,246,134,62,1,4,-,-
"금천구",독산1동,835,963,654,799,178,161,3,3,-,-
"금천구",독산2동,690,734,553,581,135,150,2,3,-,-
"금천구",독산3동,615,626,444,475,169,146,2,5,-,-
"금천구",독산4동,448,491,324,368,119,115,5,8,-,-
"금천구",시흥1동,802,886,570,696,229,181,3,9,-,-
"금천구",시흥2동,515,802,411,640,101,161,3,1,-,-
"금천구",시흥3동,170,226,136,192,31,31,3,3,-,-
"금천구",시흥4동,639,818,461,628,173,185,5,5,-,-
"금천구",시흥5동,842,1026,645,795,195,229,2,2,-,-
"금천구",기타,98,212,7,5,-,-,-,-,91,207
"영등포구",소계,6491,5567,4790,4440,1393,834,66,80,242,213
"영등포구",여의동,58,72,48,56,10,16,-,-,-,-
"영등포구",당산1동,344,265,259,217,83,43,2,5,-,-
"영등포구",당산2동,135,145,102,119,29,24,4,2,-,-
"영등포구",양평1동,155,163,121,122,33,40,1,1,-,-
"영등포구",양평2동,150,130,113,104,35,22,2,4,-,-
"영등포구",신길1동,530,503,398,412,125,80,7,11,-,-
"영등포구",신길3동,372,428,276,345,89,75,7,8,-,-
"영등포구",신길4동,363,449,287,375,68,65,8,9,-,-
"영등포구",신길5동,269,307,211,262,53,42,5,3,-,-
"영등포구",신길6동,280,314,219,253,55,58,6,3,-,-
"영등포구",신길7동,128,166,96,140,31,22,1,4,-,-
"영등포구",대림1동,273,349,212,293,60,53,1,3,-,-
"영등포구",대림2동,203,325,170,284,32,41,1,-,-,-
"영등포구",대림3동,449,496,351,407,89,77,9,12,-,-
"영등포구",영등포본동,656,367,532,309,121,50,3,8,-,-
"영등포구",영등포동,1221,329,880,279,335,45,6,5,-,-
"영등포구",도림동,472,401,359,335,111,65,2,1,-,-
"영등포구",문래동,150,113,115,96,34,16,1,1,-,-
"영등포구",기타,283,245,41,32,-,-,-,-,242,213
"동작구",소계,5916,7398,4594,6034,1163,1128,30,40,129,196
"동작구",노량진2동,477,433,385,360,91,71,1,2,-,-
"동작구",상도1동,496,821,385,683,106,133,5,5,-,-
"동작구",상도2동,226,289,178,246,48,43,-,-,-,-
"동작구",상도3동,530,631,406,500,121,131,3,-,-,-
"동작구",상도4동,635,772,492,635,139,133,4,4,-,-
"동작구",사당1동,355,400,277,342,74,57,4,1,-,-
"동작구",사당3동,281,305,211,234,68,69,2,2,-,-
"동작구",사당4동,251,327,215,283,36,42,-,2,-,-
"동작구",사당5동,170,251,138,212,31,38,1,1,-,-
"동작구",대방동,603,883,498,777,102,100,3,6,-,-
"동작구",신대방1동,299,355,233,298,65,57,1,-,-,-
"동작구",신대방2동,287,297,229,240,58,51,-,6,-,-
"동작구",흑석동,279,424,215,342,62,77,2,5,-,-
"동작구",노량진1동,588,642,477,575,109,62,2,5,-,-
"동작구",사당2동,310,361,255,296,53,64,2,1,-,-
"동작구",기타,129,207,-,11,-,-,-,-,129,196
"관악구",소계,11201,12117,8610,9666,2224,1902,249,295,118,254
"관악구",보라매동,521,620,419,506,91,107,11,7,-,-
"관악구",청림동,273,333,238,281,30,40,5,12,-,-
"관악구",행운동,495,582,419,495,68,74,8,13,-,-
"관악구",낙성대동,235,219,163,178,66,34,6,7,-,-
"관악구",중앙동,288,320,223,274,58,38,7,8,-,-
"관악구",인헌동,330,417,266,362,56,48,8,7,-,-
"관악구",남현동,160,205,122,163,35,37,3,5,-,-
"관악구",서원동,454,485,348,381,98,88,8,16,-,-
"관악구",신원동,546,586,424,482,99,88,23,16,-,-
"관악구",서림동,732,567,541,409,180,148,11,10,-,-
"관악구",신사동,563,640,428,524,128,111,7,5,-,-
"관악구",신림동,520,371,388,292,126,75,6,4,-,-
"관악구",난향동,244,417,199,349,37,48,8,20,-,-
"관악구",조원동,404,341,340,304,60,34,4,3,-,-
"관악구",대학동,1082,384,794,296,268,79,20,9,-,-
"관악구",은천동,716,935,586,801,109,112,21,22,-,-
"관악구",성현동,633,983,487,796,121,147,25,40,-,-
"관악구",청룡동,527,591,422,495,93,73,12,23,-,-
"관악구",난곡동,1061,1164,810,916,220,216,31,32,-,-
"관악구",삼성동,669,881,547,766,107,100,15,15,-,-
"관악구",미성동,612,805,429,579,173,205,10,21,-,-
"관악구",기타,136,271,17,17,1,-,-,-,118,254
"서초구",소계,3473,4201,2792,3476,542,665,21,27,118,33
"서초구",서초1동,178,181,144,156,34,25,-,-,-,-
"서초구",서초2동,89,95,73,77,16,18,-,-,-,-
"서초구",서초3동,181,199,155,165,26,34,-,-,-,-
"서초구",서초4동,32,38,27,37,5,1,-,-,-,-
"서초구",잠원동,143,123,129,113,13,8,1,2,-,-
"서초구",반포본동,-,-,-,-,-,-,-,-,-,-
"서초구",반포1동,243,227,212,191,29,34,2,2,-,-
"서초구",반포2동,2,5,2,5,-,-,-,-,-,-
"서초구",반포3동,14,28,14,28,-,-,-,-,-,-
"서초구",반포4동,36,83,26,60,10,23,-,-,-,-
"서초구",방배본동,144,194,115,149,29,44,-,1,-,-
"서초구",방배1동,149,189,126,166,22,21,1,2,-,-
"서초구",방배2동,197,287,173,257,24,30,-,-,-,-
"서초구",방배3동,59,48,50,39,8,9,1,-,-,-
"서초구",방배4동,150,201,131,171,18,30,1,-,-,-
"서초구",양재1동,1001,1407,834,1174,162,222,5,11,-,-
"서초구",양재2동,385,408,328,345,55,62,2,1,-,-
"서초구",내곡동,352,455,253,343,91,104,8,8,-,-
"서초구",기타,118,33,-,-,-,-,-,-,118,33
"강남구",소계,7052,9065,5505,6985,1253,1365,166,258,128,457
"강남구",신사동,122,137,106,117,14,17,2,3,-,-
"강남구",개포3동,524,820,461,740,55,69,8,11,-,-
"강남구",논현1동,445,453,350,361,90,87,5,5,-,-
"강남구",논현2동,227,275,156,212,65,55,6,8,-,-
"강남구",삼성1동,80,72,54,56,25,16,1,-,-,-
"강남구",삼성2동,255,265,195,195,52,54,8,16,-,-
"강남구",대치1동,7,9,5,7,2,2,-,-,-,-
"강남구",대치4동,285,320,226,243,56,74,3,3,-,-
"강남구",역삼1동,557,536,412,390,140,143,5,3,-,-
"강남구",역삼2동,272,268,197,216,72,51,3,1,-,-
"강남구",도곡1동,81,74,64,57,13,12,4,5,-,-
"강남구",도곡2동,40,43,33,31,7,12,-,-,-,-
"강남구",개포1동,73,85,55,72,16,12,2,1,-,-
"강남구",개포4동,320,419,238,305,72,94,10,20,-,-
"강남구",일원본동,45,68,36,59,8,9,1,-,-,-
"강남구",일원1동,763,980,615,813,118,125,30,42,-,-
"강남구",수서동,1481,1957,1258,1682,179,207,44,68,-,-
"강남구",세곡동,1031,1438,790,1089,212,282,29,67,-,-
"강남구",압구정동,59,75,43,65,15,9,1,1,-,-
"강남구",청담동,91,134,75,111,16,21,-,2,-,-
"강남구",대치2동,75,71,61,63,12,8,2,-,-,-
"강남구",개포2동,91,103,75,95,14,6,2,2,-,-
"강남구",기타,128,463,-,6,-,-,-,-,128,457
"송파구",소계,8326,9818,6368,7539,1701,1882,112,171,145,226
"송파구",풍납1동,231,288,178,231,49,49,4,8,-,-
"송파구",풍납2동,259,283,193,221,63,57,3,5,-,-
"송파구",거여1동,266,296,200,234,65,59,1,3,-,-
"송파구",거여2동,388,534,295,429,81,89,12,16,-,-
"송파구",마천1동,837,832,655,673,171,149,11,10,-,-
"송파구",마천2동,678,778,516,614,145,150,17,14,-,-
"송파구",방이1동,151,174,121,133,30,39,-,2,-,-
"송파구",방이2동,431,475,334,375,94,94,3,6,-,-
"송파구",오륜동,3,9,3,9,-,-,-,-,-,-
"송파구",오금동,742,964,600,762,129,189,13,13,-,-
"송파구",송파1동,268,322,209,236,55,81,4,5,-,-
"송파구",송파2동,172,158,116,107,54,48,2,3,-,-
"송파구",석촌동,544,496,425,388,110,95,9,13,-,-
"송파구",삼전동,575,658,471,525,98,119,6,14,-,-
"송파구",가락본동,343,298,274,248,66,45,3,5,-,-
"송파구",가락1동,56,80,50,76,6,3,-,1,-,-
"송파구",가락2동,252,309,195,240,55,60,2,9,-,-
"송파구",문정1동,201,216,162,166,38,46,1,4,-,-
"송파구",문정2동,41,56,34,49,7,7,-,-,-,-
"송파구",잠실본동,528,483,384,369,142,111,2,3,-,-
"송파구",잠실4동,17,13,16,12,1,1,-,-,-,-
"송파구",잠실6동,14,22,10,17,4,5,-,-,-,-
"송파구",잠실7동,4,9,4,9,-,-,-,-,-,-
"송파구",잠실2동,15,24,12,20,3,4,-,-,-,-
"송파구",잠실3동,23,37,17,33,5,4,1,-,-,-
"송파구",장지동,679,1069,528,841,140,207,11,21,-,-
"송파구",위례동,460,707,363,520,90,171,7,16,-,-
"송파구",기타,148,228,3,2,-,-,-,-,145,226
"강동구",소계,8224,9243,6403,7367,1483,1495,124,159,214,222
"강동구",강일동,953,1421,774,1175,158,212,21,34,-,-
"강동구",명일1동,214,190,167,154,45,34,2,2,-,-
"강동구",명일2동,67,112,47,87,20,24,-,1,-,-
"강동구",고덕1동,176,201,156,175,19,19,1,7,-,-
"강동구",고덕2동,266,299,207,239,55,55,4,5,-,-
"강동구",암사2동,84,68,71,64,12,4,1,-,-,-
"강동구",암사3동,56,77,49,68,7,9,-,-,-,-
"강동구",천호1동,784,929,632,771,129,139,23,19,-,-
"강동구",천호3동,734,705,608,597,109,96,17,12,-,-
"강동구",성내1동,167,189,134,151,33,37,-,1,-,-
"강동구",성내2동,495,480,414,393,78,79,3,8,-,-
"강동구",성내3동,388,357,297,298,86,54,5,5,-,-
"강동구",둔촌1동,1,-,1,-,-,-,-,-,-,-
"강동구",둔촌2동,266,283,211,230,54,49,1,4,-,-
"강동구",암사1동,959,1062,751,840,196,203,12,19,-,-
"강동구",천호2동,985,1053,774,854,192,178,19,21,-,-
"강동구",길동,850,832,654,662,189,159,7,11,-,-
"강동구",상일1동,175,206,144,173,30,32,1,1,-,-
"강동구",상일2동,387,556,309,435,71,112,7,9,-,-
"강동구",기타,217,223,3,1,-,-,-,-,214,222
