"동별(1)",동별(2),동별(3),2024 3/4,2024 3/4,2024 3/4,2024 3/4,2024 3/4,2024 3/4,2024 3/4,2024 3/4,2024 3/4,2024 3/4,2024 3/4,2024 3/4
"동별(1)",동별(2),동별(3),세대 (세대),계 (명),계 (명),계 (명),한국인 (명),한국인 (명),한국인 (명),등록외국인 (명),등록외국인 (명),등록외국인 (명),세대당인구 (명),65세이상고령자 (명)
"동별(1)",동별(2),동별(3),소계,소계,남자,여자,소계,남자,여자,소계,남자,여자,소계,소계
"합계",종로구,소계,72341,150011,71561,78450,138879,66846,72033,11132,4715,6417,1.92,29598
"합계",종로구,사직동,4582,9253,4101,5152,8995,3948,5047,258,153,105,1.96,1925
"합계",종로구,삼청동,1111,2469,1196,1273,2234,1073,1161,235,123,112,2.01,645
"합계",종로구,부암동,4127,9321,4391,4930,9054,4255,4799,267,136,131,2.19,1965
"합계",종로구,평창동,7129,17433,8092,9341,17232,7987,9245,201,105,96,2.42,3785
"합계",종로구,무악동,2997,7906,3631,4275,7876,3615,4261,30,16,14,2.63,1544
"합계",종로구,교남동,4319,9788,4511,5277,9621,4418,5203,167,93,74,2.23,1740
"합계",종로구,가회동,1884,3927,1845,2082,3826,1791,2035,101,54,47,2.03,864
"합계",종로구,종로1.2.3.4가동,4929,8591,4967,3624,6708,4027,2681,1883,940,943,1.36,1833
"합계",종로구,종로5.6가동,3550,5802,3048,2754,5306,2796,2510,496,252,244,1.49,1110
"합계",종로구,이화동,4357,7553,3481,4072,7012,3257,3755,541,224,317,1.61,1408
"합계",종로구,창신1동,2577,5328,2807,2521,4446,2344,2102,882,463,419,1.73,1261
"합계",종로구,창신2동,3920,8579,4415,4164,7380,3804,3576,1199,611,588,1.88,1977
"합계",종로구,창신3동,2734,6459,3196,3263,6246,3079,3167,213,117,96,2.28,1381
"합계",종로구,숭인1동,2998,6086,2923,3163,5756,2792,2964,330,131,199,1.92,1333
"합계",종로구,숭인2동,6913,11029,5164,5865,10064,4900,5164,965,264,701,1.46,1828
"합계",종로구,청운효자동,4981,11272,5147,6125,11143,5079,6064,129,68,61,2,2234
"합계",종로구,혜화동,9233,19215,8646,10569,15980,7681,8299,3235,965,2270,1.73,2765
"합계",중구,소계,65378,131589,63248,68341,121324,58447,62877,10265,4801,5464,1.86,26712
"합계",중구,소공동,1259,3470,1705,1765,2196,1017,1179,1274,688,586,1.74,352
"합계",중구,회현동,2475,4994,2588,2406,4317,2243,2074,677,345,332,1.74,1384
"합계",중구,명동,1359,3355,1472,1883,2560,1057,1503,795,415,380,1.88,773
"합계",중구,필동,2763,5176,2568,2608,4321,2206,2115,855,362,493,1.56,926
"합계",중구,장충동,2869,5452,2772,2680,4557,2365,2192,895,407,488,1.59,923
"합계",중구,광희동,3979,7086,3450,3636,5771,2844,2927,1315,606,709,1.45,1205
"합계",중구,을지로동,2141,3440,1837,1603,3125,1680,1445,315,157,158,1.46,515
"합계",중구,신당5동,5401,10460,5055,5405,10104,4906,5198,356,149,207,1.87,2005
"합계",중구,황학동,7790,13917,6502,7415,13041,6130,6911,876,372,504,1.67,2225
"합계",중구,중림동,5989,12447,6073,6374,12106,5915,6191,341,158,183,2.02,2265
"합계",중구,신당동,4706,8850,4234,4616,7394,3603,3791,1456,631,825,1.57,1631
"합계",중구,다산동,6794,13551,6542,7009,13091,6338,6753,460,204,256,1.93,3048
"합계",중구,약수동,7749,16250,7485,8765,16017,7366,8651,233,119,114,2.07,4255
"합계",중구,청구동,6107,13094,6135,6959,12847,6029,6818,247,106,141,2.10,3007
"합계",중구,동화동,3997,10047,4830,5217,9877,4748,5129,170,82,88,2.47,2198
"합계",용산구,소계,103860,218370,105220,113150,205145,98118,107027,13225,7102,6123,1.98,39250
"합계",용산구,후암동,8285,16367,7897,8470,15888,7650,8238,479,247,232,1.92,3187
"합계",용산구,용산2가동,4983,10136,4981,5155,8759,4304,4455,1377,677,700,1.76,2129
"합계",용산구,남영동,4813,7283,4402,2881,6756,4123,2633,527,279,248,1.40,1612
"합계",용산구,원효로1동,9354,17743,8264,9479,17036,7879,9157,707,385,322,1.82,2162
"합계",용산구,원효로2동,6272,13640,6407,7233,13518,6357,7161,122,50,72,2.16,2543
"합계",용산구,효창동,4707,10710,5023,5687,10550,4954,5596,160,69,91,2.24,1672
"합계",용산구,용문동,5287,11324,5336,5988,11209,5292,5917,115,44,71,2.12,2332
"합계",용산구,이촌1동,9116,25488,11988,13500,24955,11694,13261,533,294,239,2.74,4615
"합계",용산구,이촌2동,3585,7817,3636,4181,7752,3610,4142,65,26,39,2.16,1876
"합계",용산구,이태원1동,3440,7727,4119,3608,6077,3037,3040,1650,1082,568,1.77,1440
"합계",용산구,이태원2동,4903,10235,4876,5359,8716,4120,4596,1519,756,763,1.78,1958
"합계",용산구,서빙고동,5118,13268,6396,6872,12562,6038,6524,706,358,348,2.45,2350
"합계",용산구,보광동,4228,8361,4380,3981,7385,3709,3676,976,671,305,1.75,1783
"합계",용산구,청파동,11186,19374,8858,10516,18713,8654,10059,661,204,457,1.67,3443
"합계",용산구,한강로동,11256,22675,10840,11835,20929,9914,11015,1746,926,820,1.86,3404
"합계",용산구,한남동,7327,16222,7817,8405,14340,6783,7557,1882,1034,848,1.96,2744
"합계",성동구,소계,132856,282385,136194,146191,275403,133271,142132,6982,2923,4059,2.07,50825
"합계",성동구,왕십리2동,7428,16372,7812,8560,16031,7676,8355,341,136,205,2.16,2860
"합계",성동구,마장동,10798,21984,10736,11248,21382,10505,10877,602,231,371,1.98,4271
"합계",성동구,사근동,8353,13935,6968,6967,12101,6322,5779,1834,646,1188,1.45,1574
"합계",성동구,행당1동,6489,14011,6645,7366,13726,6551,7175,285,94,191,2.12,2341
"합계",성동구,행당2동,9200,22746,10595,12151,22653,10559,12094,93,36,57,2.46,4281
"합계",성동구,응봉동,5923,14878,7044,7834,14808,7009,7799,70,35,35,2.50,2684
"합계",성동구,금호1가동,6454,14714,6976,7738,14612,6926,7686,102,50,52,2.26,2922
"합계",성동구,금호4가동,6395,14238,6702,7536,14090,6627,7463,148,75,73,2.20,2724
"합계",성동구,성수1가1동,7446,15641,7750,7891,15338,7589,7749,303,161,142,2.06,2587
"합계",성동구,성수1가2동,5849,11969,5808,6161,11749,5701,6048,220,107,113,2.01,2130
"합계",성동구,성수2가1동,7526,14731,7590,7141,14282,7382,6900,449,208,241,1.90,3131
"합계",성동구,성수2가3동,5099,10042,5005,5037,9787,4880,4907,255,125,130,1.92,1913
"합계",성동구,송정동,5333,9995,5225,4770,9572,5017,4555,423,208,215,1.79,1999
"합계",성동구,용답동,7851,13065,6628,6437,12113,6228,5885,952,400,552,1.54,2374
"합계",성동구,왕십리도선동,12163,26619,12476,14143,26154,12291,13863,465,185,280,2.15,4244
"합계",성동구,금호2.3가동,9792,21814,10357,11457,21630,10279,11351,184,78,106,2.21,4198
"합계",성동구,옥수동,10757,25631,11877,13754,25375,11729,13646,256,148,108,2.36,4592
"합계",광진구,소계,170383,349307,166408,182899,333403,159948,173455,15904,6460,9444,1.96,59018
"합계",광진구,화양동,18185,27754,12397,15357,23130,10905,12225,4624,1492,3132,1.27,2457
"합계",광진구,군자동,11274,21293,10416,10877,18868,9274,9594,2425,1142,1283,1.67,3395
"합계",광진구,중곡1동,8681,15587,7372,8215,15125,7164,7961,462,208,254,1.74,2822
"합계",광진구,중곡2동,10547,20603,9668,10935,20253,9531,10722,350,137,213,1.92,3792
"합계",광진구,중곡3동,8476,15723,7739,7984,15432,7624,7808,291,115,176,1.82,3232
"합계",광진구,중곡4동,13065,27836,13513,14323,27426,13354,14072,410,159,251,2.10,5945
"합계",광진구,능동,6472,11405,5259,6146,10986,5058,5928,419,201,218,1.70,1770
"합계",광진구,구의1동,13168,23686,11212,12474,22987,10928,12059,699,284,415,1.75,3623
"합계",광진구,구의2동,11509,26042,12359,13683,25411,12085,13326,631,274,357,2.21,4954
"합계",광진구,구의3동,12084,27992,13140,14852,27758,13044,14714,234,96,138,2.30,4795
"합계",광진구,광장동,11888,34128,16457,17671,33891,16351,17540,237,106,131,2.85,4359
"합계",광진구,자양1동,12080,22694,10983,11711,21789,10584,11205,905,399,506,1.80,4008
"합계",광진구,자양2동,11000,23896,11545,12351,23553,11397,12156,343,148,195,2.14,4585
"합계",광진구,자양3동,11011,27443,13111,14332,27117,12962,14155,326,149,177,2.46,4912
"합계",광진구,자양4동,10943,23225,11237,11988,19677,9687,9990,3548,1550,1998,2,4369
"합계",동대문구,소계,173878,359219,173606,185613,340686,166693,173993,18533,6913,11620,1.96,69066
"합계",동대문구,전농1동,16584,33839,16714,17125,32993,16395,16598,846,319,527,1.99,6408
"합계",동대문구,전농2동,7500,18111,8578,9533,17741,8418,9323,370,160,210,2.37,4083
"합계",동대문구,답십리1동,12977,28234,13485,14749,27825,13309,14516,409,176,233,2.14,4525
"합계",동대문구,답십리2동,12440,27556,13183,14373,27219,13040,14179,337,143,194,2.19,6172
"합계",동대문구,장안1동,18352,37984,18621,19363,37259,18337,18922,725,284,441,2.03,7414
"합계",동대문구,장안2동,14550,33096,16285,16811,32739,16159,16580,357,126,231,2.25,5960
"합계",동대문구,회기동,6676,13527,6028,7499,10348,4881,5467,3179,1147,2032,1.55,1570
"합계",동대문구,휘경1동,7766,16110,7219,8891,13680,6372,7308,2430,847,1583,1.76,2225
"합계",동대문구,휘경2동,12823,25308,12450,12858,24213,12087,12126,1095,363,732,1.89,4409
"합계",동대문구,이문1동,10667,21002,9977,11025,17562,8632,8930,3440,1345,2095,1.65,3369
"합계",동대문구,이문2동,8576,19731,9467,10264,19115,9172,9943,616,295,321,2.23,4386
"합계",동대문구,청량리동,10091,19130,9361,9769,18521,9110,9411,609,251,358,1.84,5851
"합계",동대문구,용신동,21892,40411,19705,20706,38677,19074,19603,1734,631,1103,1.77,6856
"합계",동대문구,제기동,12984,25180,12533,12647,22794,11707,11087,2386,826,1560,1.76,5838
"합계",중랑구,소계,188803,386131,188352,197779,380353,186052,194301,5778,2300,3478,2.01,82248
"합계",중랑구,면목2동,12190,23726,11716,12010,23341,11570,11771,385,146,239,1.91,5258
"합계",중랑구,면목4동,8940,18303,9067,9236,17954,8918,9036,349,149,200,2.01,4218
"합계",중랑구,면목5동,6392,14520,7172,7348,14360,7115,7245,160,57,103,2.25,2657
"합계",중랑구,면목7동,10529,21427,10589,10838,21047,10447,10600,380,142,238,2.00,4888
"합계",중랑구,상봉1동,10082,23024,11160,11864,22869,11101,11768,155,59,96,2.27,4518
"합계",중랑구,상봉2동,13023,21234,9959,11275,20729,9759,10970,505,200,305,1.59,3382
"합계",중랑구,중화1동,8854,18621,9164,9457,18383,9076,9307,238,88,150,2.08,4193
"합계",중랑구,중화2동,13437,24083,12266,11817,23556,12045,11511,527,221,306,1.75,5599
"합계",중랑구,묵1동,14942,33628,15959,17669,33403,15870,17533,225,89,136,2.24,6667
"합계",중랑구,묵2동,9184,18293,8937,9356,17985,8814,9171,308,123,185,1.96,4074
"합계",중랑구,망우3동,8165,15937,7947,7990,15464,7759,7705,473,188,285,1.89,3848
"합계",중랑구,신내1동,14798,37431,17984,19447,37251,17907,19344,180,77,103,2.52,7938
"합계",중랑구,신내2동,8899,19536,9176,10360,19452,9155,10297,84,21,63,2.19,4718
"합계",중랑구,면목본동,17819,33318,16314,17004,32485,15967,16518,833,347,486,1.82,6869
"합계",중랑구,면목3.8동,12727,24454,11997,12457,23955,11788,12167,499,209,290,1.88,5715
"합계",중랑구,망우본동,18822,38596,18945,19651,38119,18761,19358,477,184,293,2.03,7706
"합계",성북구,소계,197414,435492,207417,228075,423439,202975,220464,12053,4442,7611,2.14,82864
"합계",성북구,돈암1동,6012,14169,6616,7553,14063,6572,7491,106,44,62,2.34,3222
"합계",성북구,돈암2동,8538,23421,11071,12350,23302,11017,12285,119,54,65,2.73,3950
"합계",성북구,안암동,10164,17178,8329,8849,15264,7722,7542,1914,607,1307,1.50,2247
"합계",성북구,보문동,8145,16559,7893,8666,16114,7723,8391,445,170,275,1.98,2765
"합계",성북구,정릉1동,7314,17883,8533,9350,17657,8458,9199,226,75,151,2.41,3459
"합계",성북구,정릉2동,9821,22545,10767,11778,22256,10671,11585,289,96,193,2.27,4982
"합계",성북구,정릉3동,8264,16260,7967,8293,14732,7288,7444,1528,679,849,1.78,3483
"합계",성북구,정릉4동,10824,24476,11597,12879,23950,11450,12500,526,147,379,2.21,5364
"합계",성북구,길음1동,12769,35628,16843,18785,35472,16787,18685,156,56,100,2.78,5123
"합계",성북구,길음2동,8496,21517,10281,11236,21400,10225,11175,117,56,61,2.52,3339
"합계",성북구,월곡1동,10709,25472,12226,13246,25246,12152,13094,226,74,152,2.36,5327
"합계",성북구,월곡2동,9617,19493,9209,10284,18774,8917,9857,719,292,427,1.95,3990
"합계",성북구,장위1동,10613,23399,11356,12043,23162,11262,11900,237,94,143,2.18,4557
"합계",성북구,장위2동,6568,13148,6416,6732,12892,6307,6585,256,109,147,1.96,3359
"합계",성북구,장위3동,6467,15626,7639,7987,15491,7582,7909,135,57,78,2.40,2439
"합계",성북구,성북동,8132,16461,7674,8787,15897,7423,8474,564,251,313,1.95,3228
"합계",성북구,삼선동,11440,22544,10602,11942,21950,10414,11536,594,188,406,1.92,4250
"합계",성북구,동선동,9834,16052,6423,9629,15081,6163,8918,971,260,711,1.53,2285
"합계",성북구,종암동,17001,39182,19077,20105,37188,18343,18845,1994,734,1260,2.19,7509
"합계",성북구,석관동,16686,34479,16898,17581,33548,16499,17049,931,399,532,2.01,7986
"합계",강북구,소계,143163,289678,139053,150625,284313,137246,147067,5365,1807,3558,1.99,70643
"합계",강북구,번1동,9667,17058,8350,8708,16333,8098,8235,725,252,473,1.69,3642
"합계",강북구,번2동,7423,14805,7067,7738,14681,7022,7659,124,45,79,1.98,4384
"합계",강북구,번3동,7629,16162,7473,8689,16095,7456,8639,67,17,50,2.11,5076
"합계",강북구,수유1동,10514,20145,9739,10406,19718,9618,10100,427,121,306,1.88,4877
"합계",강북구,수유2동,9743,20497,9704,10793,20291,9633,10658,206,71,135,2.08,5506
"합계",강북구,수유3동,13690,23887,11489,12398,22873,11187,11686,1014,302,712,1.67,5219
"합계",강북구,삼양동,11044,23111,11392,11719,22885,11312,11573,226,80,146,2.07,5486
"합계",강북구,미아동,11703,21398,10104,11294,20616,9834,10782,782,270,512,1.76,5027
"합계",강북구,송중동,13760,28844,13743,15101,28112,13463,14649,732,280,452,2.04,6622
"합계",강북구,송천동,12747,24477,12096,12381,24035,11921,12114,442,175,267,1.89,6661
"합계",강북구,삼각산동,11511,30399,14590,15809,30282,14544,15738,117,46,71,2.63,5100
"합계",강북구,우이동,9614,19918,9439,10479,19716,9374,10342,202,65,137,2.05,5329
"합계",강북구,인수동,14118,28977,13867,15110,28676,13784,14892,301,83,218,2.03,7714
"합계",도봉구,소계,138862,306926,148222,158704,304255,147261,156994,2671,961,1710,2.19,73227
"합계",도봉구,쌍문1동,9552,21012,9900,11112,20624,9813,10811,388,87,301,2.16,5144
"합계",도봉구,쌍문2동,8420,17861,8507,9354,17670,8415,9255,191,92,99,2.10,4428
"합계",도봉구,쌍문3동,8212,16529,7841,8688,16273,7759,8514,256,82,174,1.98,3819
"합계",도봉구,쌍문4동,7116,17985,8431,9554,17919,8418,9501,66,13,53,2.52,3710
"합계",도봉구,방학1동,12907,27634,13628,14006,27344,13514,13830,290,114,176,2.12,6670
"합계",도봉구,방학2동,9115,18375,9245,9130,18170,9155,9015,205,90,115,1.99,4944
"합계",도봉구,방학3동,9931,25954,12535,13419,25874,12514,13360,80,21,59,2.61,6016
"합계",도봉구,창1동,10931,24014,11438,12576,23813,11360,12453,201,78,123,2.18,5268
"합계",도봉구,창2동,12556,28125,13579,14546,27816,13469,14347,309,110,199,2.22,6069
"합계",도봉구,창3동,6378,13058,6485,6573,12959,6446,6513,99,39,60,2.03,3245
"합계",도봉구,창4동,11294,26455,12609,13846,26337,12554,13783,118,55,63,2.33,5050
"합계",도봉구,창5동,10300,23843,11294,12549,23697,11241,12456,146,53,93,2.30,5071
"합계",도봉구,도봉1동,10223,19829,9886,9943,19664,9822,9842,165,64,101,1.92,6394
"합계",도봉구,도봉2동,11927,26252,12844,13408,26095,12781,13314,157,63,94,2.19,7399
"합계",노원구,소계,218362,498358,238562,259796,493486,236548,256938,4872,2014,2858,2.26,99576
"합계",노원구,월계1동,9995,21141,10817,10324,20387,10468,9919,754,349,405,2.04,4575
"합계",노원구,월계2동,11701,25496,12196,13300,25338,12133,13205,158,63,95,2.17,6549
"합계",노원구,월계3동,12871,28536,13596,14940,28378,13543,14835,158,53,105,2.20,6809
"합계",노원구,공릉1동,18708,36525,17596,18929,35776,17277,18499,749,319,430,1.91,7425
"합계",노원구,공릉2동,17948,42315,20387,21928,41376,20052,21324,939,335,604,2.31,6517
"합계",노원구,하계1동,12420,26583,12671,13912,26015,12405,13610,568,266,302,2.09,5086
"합계",노원구,하계2동,8165,21023,9991,11032,20958,9967,10991,65,24,41,2.57,3712
"합계",노원구,중계본동,8032,22786,11039,11747,22719,11007,11712,67,32,35,2.83,2772
"합계",노원구,중계1동,8958,26376,12846,13530,26268,12804,13464,108,42,66,2.93,2867
"합계",노원구,중계4동,8217,19134,9256,9878,18953,9111,9842,181,145,36,2.31,4341
"합계",노원구,상계1동,15558,36674,17594,19080,36508,17530,18978,166,64,102,2.35,8282
"합계",노원구,상계2동,8554,19123,9396,9727,18937,9327,9610,186,69,117,2.21,3929
"합계",노원구,상계5동,10907,22834,11071,11763,22679,11022,11657,155,49,106,2.08,5672
"합계",노원구,상계8동,9117,21668,10280,11388,21610,10268,11342,58,12,46,2.37,3337
"합계",노원구,상계9동,8348,19463,9089,10374,19374,9060,10314,89,29,60,2.32,3987
"합계",노원구,상계10동,7627,17996,8272,9724,17931,8246,9685,65,26,39,2.35,3154
"합계",노원구,중계2.3동,14872,32038,14514,17524,31911,14470,17441,127,44,83,2.15,8068
"합계",노원구,상계3.4동,12444,27361,13559,13802,27251,13527,13724,110,32,78,2.19,6822
"합계",노원구,상계6.7동,13920,31286,14392,16894,31117,14331,16786,169,61,108,2.24,5672
"합계",은평구,소계,215784,466809,220765,246044,462514,219045,243469,4295,1720,2575,2.14,96983
"합계",은평구,녹번동,17515,36106,16847,19259,35724,16681,19043,382,166,216,2.04,7877
"합계",은평구,불광1동,17916,37606,17619,19987,37341,17501,19840,265,118,147,2.08,8593
"합계",은평구,불광2동,14128,26838,12876,13962,26607,12787,13820,231,89,142,1.88,6634
"합계",은평구,갈현1동,7232,14417,6944,7473,14273,6889,7384,144,55,89,1.97,3280
"합계",은평구,갈현2동,12731,27591,12957,14634,27328,12863,14465,263,94,169,2.15,5710
"합계",은평구,구산동,13518,31362,15120,16242,31147,15035,16112,215,85,130,2.30,6927
"합계",은평구,대조동,15556,27736,12731,15005,27352,12596,14756,384,135,249,1.76,5544
"합계",은평구,응암1동,15111,32686,15173,17513,32336,15027,17309,350,146,204,2.14,5846
"합계",은평구,응암2동,11027,27429,13222,14207,27225,13133,14092,204,89,115,2.47,4397
"합계",은평구,응암3동,12556,23692,11388,12304,23278,11219,12059,414,169,245,1.85,6145
"합계",은평구,신사1동,12035,26429,12579,13850,26205,12502,13703,224,77,147,2.18,5742
"합계",은평구,신사2동,8723,18961,9339,9622,18798,9292,9506,163,47,116,2.15,4296
"합계",은평구,증산동,7331,16923,8246,8677,16785,8180,8605,138,66,72,2.29,3567
"합계",은평구,수색동,8532,21272,10262,11010,21055,10168,10887,217,94,123,2.47,3365
"합계",은평구,진관동,21200,53829,24937,28892,53597,24841,28756,232,96,136,2.53,9476
"합계",은평구,역촌동,20673,43932,20525,23407,43463,20331,23132,469,194,275,2.10,9584
"합계",서대문구,소계,147107,319749,148996,170753,304523,144288,160235,15226,4708,10518,2.07,59782
"합계",서대문구,천연동,7678,16731,7890,8841,16540,7785,8755,191,105,86,2.15,3483
"합계",서대문구,홍제1동,11084,24876,11627,13249,24630,11520,13110,246,107,139,2.22,5242
"합계",서대문구,홍제2동,5724,13079,6108,6971,12980,6072,6908,99,36,63,2.27,2968
"합계",서대문구,홍제3동,7993,17653,8429,9224,17489,8363,9126,164,66,98,2.19,4183
"합계",서대문구,홍은1동,9670,22277,10688,11589,22040,10601,11439,237,87,150,2.28,5023
"합계",서대문구,홍은2동,13102,29188,13847,15341,28306,13517,14789,882,330,552,2.16,5868
"합계",서대문구,남가좌1동,6162,16878,8058,8820,16642,7962,8680,236,96,140,2.70,2441
"합계",서대문구,남가좌2동,13374,30344,14354,15990,28962,13916,15046,1382,438,944,2.17,5323
"합계",서대문구,북가좌1동,6787,17629,8400,9229,17508,8359,9149,121,41,80,2.58,3331
"합계",서대문구,북가좌2동,14527,30638,14748,15890,30272,14613,15659,366,135,231,2.08,7042
"합계",서대문구,충현동,10043,19988,9614,10374,19527,9393,10134,461,221,240,1.94,3666
"합계",서대문구,북아현동,7121,15762,7567,8195,15443,7437,8006,319,130,189,2.17,2479
"합계",서대문구,신촌동,15145,27618,10322,17296,20445,8698,11747,7173,1624,5549,1.35,2219
"합계",서대문구,연희동,18697,37088,17344,19744,33739,16052,17687,3349,1292,2057,1.80,6514
"합계",마포구,소계,181686,373874,172953,200921,362564,168948,193616,11310,4005,7305,2.00,59497
"합계",마포구,용강동,9291,21703,10181,11522,21308,9993,11315,395,188,207,2.29,3244
"합계",마포구,대흥동,8698,16254,7532,8722,14312,6927,7385,1942,605,1337,1.65,2038
"합계",마포구,염리동,7772,17721,8265,9456,16827,8020,8807,894,245,649,2.17,2233
"합계",마포구,신수동,10114,22596,10961,11635,22201,10807,11394,395,154,241,2.20,3629
"합계",마포구,서교동,15256,26073,11534,14539,23899,10911,12988,2174,623,1551,1.57,3462
"합계",마포구,합정동,9158,16481,7562,8919,16151,7434,8717,330,128,202,1.76,2731
"합계",마포구,망원1동,10143,19212,8861,10351,18904,8726,10178,308,135,173,1.86,3604
"합계",마포구,망원2동,8336,17879,8294,9585,17649,8210,9439,230,84,146,2.12,3389
"합계",마포구,연남동,8343,15041,6934,8107,14138,6598,7540,903,336,567,1.69,2542
"합계",마포구,성산1동,9553,18858,8698,10160,18495,8548,9947,363,150,213,1.94,3219
"합계",마포구,성산2동,19665,38991,17192,21799,38592,17075,21517,399,117,282,1.96,6764
"합계",마포구,상암동,12792,30326,14178,16148,29554,13829,15725,772,349,423,2.31,4611
"합계",마포구,도화동,9389,20905,9892,11013,20653,9768,10885,252,124,128,2.20,4047
"합계",마포구,서강동,12229,25318,11975,13343,24511,11731,12780,807,244,563,2.00,3608
"합계",마포구,공덕동,18523,36878,17135,19743,36234,16835,19399,644,300,344,1.96,6490
"합계",마포구,아현동,12424,29638,13759,15879,29136,13536,15600,502,223,279,2.35,3886
"합계",양천구,소계,180600,435867,212218,223649,432523,210874,221649,3344,1344,2000,2.39,79377
"합계",양천구,목1동,10343,30299,14524,15775,30152,14450,15702,147,74,73,2.92,3805
"합계",양천구,목2동,13288,28766,13848,14918,28519,13757,14762,247,91,156,2.15,4816
"합계",양천구,목3동,10146,21234,10046,11188,21057,9982,11075,177,64,113,2.08,3982
"합계",양천구,목4동,9974,24332,11836,12496,24165,11773,12392,167,63,104,2.42,3694
"합계",양천구,목5동,13479,40773,20176,20597,40657,20127,20530,116,49,67,3.02,5514
"합계",양천구,신월1동,9943,19359,9932,9427,19104,9827,9277,255,105,150,1.92,4881
"합계",양천구,신월2동,8721,20894,10176,10718,20702,10097,10605,192,79,113,2.37,4589
"합계",양천구,신월3동,7629,14317,7510,6807,14121,7429,6692,196,81,115,1.85,3424
"합계",양천구,신월4동,6822,17300,8360,8940,17187,8327,8860,113,33,80,2.52,3841
"합계",양천구,신월5동,6369,14091,6943,7148,13950,6890,7060,141,53,88,2.19,2842
"합계",양천구,신월6동,5353,13771,6729,7042,13706,6700,7006,65,29,36,2.56,2225
"합계",양천구,신월7동,9033,18536,8966,9570,18387,8918,9469,149,48,101,2.04,4827
"합계",양천구,신정1동,6950,19753,9575,10178,19650,9525,10125,103,50,53,2.83,3077
"합계",양천구,신정2동,6810,18684,9160,9524,18604,9122,9482,80,38,42,2.73,3014
"합계",양천구,신정3동,19632,49245,23723,25522,48911,23584,25327,334,139,195,2.49,8901
"합계",양천구,신정4동,16415,32270,15573,16697,31594,15303,16291,676,270,406,1.92,6751
"합계",양천구,신정6동,8199,23948,11593,12355,23918,11580,12338,30,13,17,2.92,3393
"합계",양천구,신정7동,11494,28295,13548,14747,28139,13483,14656,156,65,91,2.45,5801
"합계",강서구,소계,274044,563515,269481,294034,557662,267019,290643,5853,2462,3391,2.03,106200
"합계",강서구,염창동,16743,41431,19839,21592,41289,19786,21503,142,53,89,2.47,5147
"합계",강서구,등촌1동,14403,25313,11600,13713,25070,11521,13549,243,79,164,1.74,3384
"합계",강서구,등촌2동,8571,19310,9422,9888,19167,9362,9805,143,60,83,2.24,3691
"합계",강서구,등촌3동,15133,29305,13715,15590,29120,13640,15480,185,75,110,1.92,7795
"합계",강서구,화곡본동,17333,32884,15866,17018,32452,15716,16736,432,150,282,1.87,5723
"합계",강서구,화곡1동,27947,51092,24739,26353,50012,24294,25718,1080,445,635,1.79,9603
"합계",강서구,화곡2동,8128,17139,8209,8930,16844,8100,8744,295,109,186,2.07,3240
"합계",강서구,화곡3동,9695,21054,10017,11037,20887,9949,10938,167,68,99,2.15,4710
"합계",강서구,화곡4동,9575,19630,9597,10033,19326,9467,9859,304,130,174,2.02,4374
"합계",강서구,화곡6동,13564,26079,12454,13625,25799,12347,13452,280,107,173,1.90,4606
"합계",강서구,화곡8동,11479,23264,11182,12082,22861,11008,11853,403,174,229,1.99,4928
"합계",강서구,가양1동,21030,33971,15235,18736,33694,15125,18569,277,110,167,1.60,3753
"합계",강서구,가양2동,7956,13295,6225,7070,13229,6207,7022,66,18,48,1.66,4717
"합계",강서구,가양3동,7679,13913,6408,7505,13823,6373,7450,90,35,55,1.80,4082
"합계",강서구,발산1동,13565,35583,16794,18789,35279,16602,18677,304,192,112,2.60,5716
"합계",강서구,공항동,13887,30001,15160,14841,29457,14875,14582,544,285,259,2.12,4735
"합계",강서구,방화1동,17202,41762,20374,21388,41502,20268,21234,260,106,154,2.41,7664
"합계",강서구,방화2동,12128,22803,11271,11532,22545,11151,11394,258,120,138,1.86,5469
"합계",강서구,방화3동,11174,21868,10485,11383,21746,10449,11297,122,36,86,1.95,5952
"합계",강서구,우장산동,16852,43818,20889,22929,43560,20779,22781,258,110,148,2.58,6911
"합계",구로구,소계,184161,412441,202945,209496,389416,190695,198721,23025,12250,10775,2.11,82845
"합계",구로구,신도림동,14409,36336,17453,18883,36017,17310,18707,319,143,176,2.50,5447
"합계",구로구,구로1동,8420,20660,10061,10599,20457,9968,10489,203,93,110,2.43,3277
"합계",구로구,구로2동,12099,28662,14729,13933,22222,11157,11065,6440,3572,2868,1.84,6538
"합계",구로구,구로3동,13604,24781,12763,12018,23021,11889,11132,1760,874,886,1.69,3944
"합계",구로구,구로4동,10235,22142,10875,11267,18315,8775,9540,3827,2100,1727,1.79,5220
"합계",구로구,구로5동,15754,31735,15530,16205,29087,14169,14918,2648,1361,1287,1.85,5536
"합계",구로구,고척1동,11726,26870,13418,13452,26579,13270,13309,291,148,143,2.27,5037
"합계",구로구,고척2동,11418,25973,12769,13204,25513,12541,12972,460,228,232,2.23,5997
"합계",구로구,개봉1동,15030,33721,16648,17073,32967,16292,16675,754,356,398,2.19,7365
"합계",구로구,개봉2동,12226,29856,14435,15421,29400,14212,15188,456,223,233,2.40,7376
"합계",구로구,개봉3동,8659,19782,9568,10214,19353,9370,9983,429,198,231,2.24,4893
"합계",구로구,오류1동,12821,23295,11083,12212,22624,10784,11840,671,299,372,1.76,4553
"합계",구로구,오류2동,15461,36930,17565,19365,36328,17270,19058,602,295,307,2.35,8002
"합계",구로구,수궁동,9969,22942,11204,11738,22501,11001,11500,441,203,238,2.26,5251
"합계",구로구,가리봉동,6058,12359,6910,5449,8784,4816,3968,3575,2094,1481,1.45,2348
"합계",구로구,항동,6272,16397,7934,8463,16248,7871,8377,149,63,86,2.59,2061
"합계",금천구,소계,121224,239577,120697,118880,226003,113632,112371,13574,7065,6509,1.86,47307
"합계",금천구,가산동,18449,27365,14733,12632,24920,13400,11520,2445,1333,1112,1.35,3191
"합계",금천구,독산1동,26038,49085,24866,24219,47296,23978,23318,1789,888,901,1.82,6929
"합계",금천구,독산2동,9327,18768,9446,9322,17494,8803,8691,1274,643,631,1.88,4104
"합계",금천구,독산3동,12731,26392,13440,12952,23155,11684,11471,3237,1756,1481,1.82,5499
"합계",금천구,독산4동,7502,15889,7981,7908,14261,7134,7127,1628,847,781,1.90,3400
"합계",금천구,시흥1동,16387,33380,16577,16803,31718,15734,15984,1662,843,819,1.94,7136
"합계",금천구,시흥2동,8171,20404,9766,10638,20285,9717,10568,119,49,70,2.48,4706
"합계",금천구,시흥3동,4661,10361,5104,5257,10208,5028,5180,153,76,77,2.19,2644
"합계",금천구,시흥4동,8908,19586,9672,9914,18914,9338,9576,672,334,338,2.12,4829
"합계",금천구,시흥5동,9050,18347,9112,9235,17752,8816,8936,595,296,299,1.96,4869
"합계",영등포구,소계,192189,397514,194953,202561,374653,183189,191464,22861,11764,11097,1.95,69713
"합계",영등포구,여의동,14128,34136,16035,18101,33775,15854,17921,361,181,180,2.39,6790
"합계",영등포구,당산1동,11850,21576,10341,11235,21140,10168,10972,436,173,263,1.78,3723
"합계",영등포구,당산2동,18915,36898,17165,19733,36483,16996,19487,415,169,246,1.93,5170
"합계",영등포구,양평1동,10024,18524,8845,9679,18231,8719,9512,293,126,167,1.82,2558
"합계",영등포구,양평2동,11363,23017,11124,11893,22795,11042,11753,222,82,140,2.01,2934
"합계",영등포구,신길1동,11699,20531,10422,10109,19232,9743,9489,1299,679,620,1.64,3922
"합계",영등포구,신길3동,7578,16888,8337,8551,15958,7850,8108,930,487,443,2.11,3546
"합계",영등포구,신길4동,5715,12668,6231,6437,12006,5893,6113,662,338,324,2.10,2689
"합계",영등포구,신길5동,4452,10622,5209,5413,9653,4688,4965,969,521,448,2.17,2289
"합계",영등포구,신길6동,8670,18095,8809,9286,17450,8494,8956,645,315,330,2.01,3604
"합계",영등포구,신길7동,7905,19938,9887,10051,19745,9795,9950,193,92,101,2.50,2904
"합계",영등포구,대림1동,6851,16036,8028,8008,13593,6726,6867,2443,1302,1141,1.98,3542
"합계",영등포구,대림2동,6911,17449,8822,8627,11703,5700,6003,5746,3122,2624,1.69,3420
"합계",영등포구,대림3동,10300,24757,12428,12329,21312,10634,10678,3445,1794,1651,2.07,5316
"합계",영등포구,영등포본동,10395,22419,11480,10939,20624,10537,10087,1795,943,852,1.98,4740
"합계",영등포구,영등포동,22447,32213,16261,15952,31360,15885,15475,853,376,477,1.40,3741
"합계",영등포구,도림동,9835,19622,9920,9702,17690,8958,8732,1932,962,970,1.80,3732
"합계",영등포구,문래동,13151,32125,15609,16516,31903,15507,16396,222,102,120,2.43,5093
"합계",동작구,소계,187461,387792,186531,201261,377137,182205,194932,10655,4326,6329,2.01,72471
"합계",동작구,노량진1동,17747,33629,16993,16636,32773,16657,16116,856,336,520,1.85,6368
"합계",동작구,노량진2동,5724,9072,4780,4292,8215,4334,3881,857,446,411,1.44,1835
"합계",동작구,상도1동,22888,46186,22058,24128,44098,21385,22713,2088,673,1415,1.93,7928
"합계",동작구,상도2동,12498,27724,13133,14591,27362,13018,14344,362,115,247,2.19,4733
"합계",동작구,상도3동,12199,24151,11438,12713,23755,11271,12484,396,167,229,1.95,5049
"합계",동작구,상도4동,14636,29015,13986,15029,28627,13863,14764,388,123,265,1.96,5853
"합계",동작구,사당1동,13888,22834,10955,11879,22367,10755,11612,467,200,267,1.61,4133
"합계",동작구,사당2동,12538,28260,13534,14726,27945,13388,14557,315,146,169,2.23,6220
"합계",동작구,사당3동,10428,23835,11506,12329,23555,11372,12183,280,134,146,2.26,5037
"합계",동작구,사당4동,7290,13885,6621,7264,13704,6541,7163,181,80,101,1.88,3038
"합계",동작구,사당5동,6738,14172,6758,7414,14053,6704,7349,119,54,65,2.09,2588
"합계",동작구,대방동,16728,35781,16862,18919,35434,16705,18729,347,157,190,2.12,6046
"합계",동작구,신대방1동,10469,24964,12074,12890,23150,11126,12024,1814,948,866,2.21,4541
"합계",동작구,신대방2동,10658,22167,10598,11569,21900,10499,11401,267,99,168,2.05,3672
"합계",동작구,흑석동,13032,32117,15235,16882,30199,14587,15612,1918,648,1270,2.32,5430
"합계",관악구,소계,286376,496469,248279,248190,479774,241605,238169,16695,6674,10021,1.68,88015
"합계",관악구,남현동,9919,17776,8568,9208,17571,8491,9080,205,77,128,1.77,3154
"합계",관악구,보라매동,13018,23978,11737,12241,23504,11544,11960,474,193,281,1.81,5034
"합계",관악구,청림동,6387,14741,7043,7698,14617,6993,7624,124,50,74,2.29,3021
"합계",관악구,행운동,18311,29361,14100,15261,28763,13904,14859,598,196,402,1.57,4740
"합계",관악구,낙성대동,12346,18133,9058,9075,17555,8815,8740,578,243,335,1.42,2148
"합계",관악구,중앙동,10371,15623,7423,8200,15223,7285,7938,400,138,262,1.47,2564
"합계",관악구,인헌동,14737,25540,12312,13228,25122,12164,12958,418,148,270,1.70,4411
"합계",관악구,서원동,15388,23963,12441,11522,23070,12115,10955,893,326,567,1.50,3619
"합계",관악구,신원동,11310,18362,9327,9035,17454,8967,8487,908,360,548,1.54,3515
"합계",관악구,서림동,15340,24666,13554,11112,23399,13058,10341,1267,496,771,1.53,3909
"합계",관악구,신사동,14606,24450,12147,12303,22246,11141,11105,2204,1006,1198,1.52,3976
"합계",관악구,신림동,19211,24024,12674,11350,22995,12345,10650,1029,329,700,1.20,2117
"합계",관악구,난향동,6187,14788,7204,7584,14663,7140,7523,125,64,61,2.37,3053
"합계",관악구,조원동,12352,21077,10473,10604,19628,9772,9856,1449,701,748,1.59,3370
"합계",관악구,대학동,17632,27374,16067,11307,24318,14927,9391,3056,1140,1916,1.38,3419
"합계",관악구,은천동,16038,32502,15857,16645,31985,15660,16325,517,197,320,1.99,6468
"합계",관악구,성현동,12259,28258,13625,14633,28070,13545,14525,188,80,108,2.29,5948
"합계",관악구,청룡동,24471,37099,17746,19353,36006,17338,18668,1093,408,685,1.47,5097
"합계",관악구,난곡동,12786,25361,12616,12745,24894,12414,12480,467,202,265,1.95,5989
"합계",관악구,삼성동,9582,19739,9785,9954,19600,9723,9877,139,62,77,2.05,5895
"합계",관악구,미성동,14125,29654,14522,15132,29091,14264,14827,563,258,305,2.06,6568
"합계",서초구,소계,170839,412611,196260,216351,408060,194085,213975,4551,2175,2376,2.39,67995
"합계",서초구,서초1동,9542,20460,9817,10643,20247,9737,10510,213,80,133,2.12,3378
"합계",서초구,서초2동,11435,25170,11877,13293,24772,11657,13115,398,220,178,2.17,3285
"합계",서초구,서초3동,15479,32480,15383,17097,32072,15187,16885,408,196,212,2.07,5426
"합계",서초구,서초4동,10721,30567,14900,15667,30282,14760,15522,285,140,145,2.82,4632
"합계",서초구,잠원동,10667,26967,13006,13961,26750,12906,13844,217,100,117,2.51,3764
"합계",서초구,반포본동,111,237,107,130,228,101,127,9,6,3,2.05,37
"합계",서초구,반포1동,14696,34217,16683,17534,33797,16507,17290,420,176,244,2.30,4458
"합계",서초구,반포2동,8232,25429,12046,13383,25277,11974,13303,152,72,80,3.07,3714
"합계",서초구,반포3동,8243,23947,11374,12573,23866,11334,12532,81,40,41,2.90,3540
"합계",서초구,반포4동,7063,19322,9075,10247,18514,8639,9875,808,436,372,2.62,3243
"합계",서초구,방배본동,7870,20233,9340,10893,20067,9255,10812,166,85,81,2.55,3406
"합계",서초구,방배1동,7546,16572,7706,8866,16454,7655,8799,118,51,67,2.18,3266
"합계",서초구,방배2동,7862,18081,8400,9681,17957,8346,9611,124,54,70,2.28,3815
"합계",서초구,방배3동,5878,15919,7580,8339,15748,7515,8233,171,65,106,2.68,3197
"합계",서초구,방배4동,9629,23003,10389,12614,22671,10237,12434,332,152,180,2.35,3861
"합계",서초구,양재1동,17712,41621,19730,21891,41289,19583,21706,332,147,185,2.33,7979
"합계",서초구,양재2동,11062,21399,10655,10744,21143,10530,10613,256,125,131,1.91,3373
"합계",서초구,내곡동,7091,16987,8192,8795,16926,8162,8764,61,30,31,2.39,3621
"합계",강남구,소계,246005,564280,269671,294609,558508,267096,291412,5772,2575,3197,2.27,90667
"합계",강남구,신사동,6667,15547,7280,8267,15332,7175,8157,215,105,110,2.30,3192
"합계",강남구,논현1동,13479,21501,10133,11368,20754,9834,10920,747,299,448,1.54,3124
"합계",강남구,논현2동,11261,20622,9525,11097,20248,9381,10867,374,144,230,1.80,3287
"합계",강남구,삼성1동,5200,12346,6105,6241,12008,5877,6131,338,228,110,2.31,2315
"합계",강남구,삼성2동,13867,30878,14775,16103,30542,14603,15939,336,172,164,2.20,4147
"합계",강남구,대치1동,7254,24002,12033,11969,23960,12011,11949,42,22,20,3.30,2880
"합계",강남구,대치2동,13420,38566,19655,18911,38393,19553,18840,173,102,71,2.86,5789
"합계",강남구,대치4동,9867,18896,9001,9895,18588,8889,9699,308,112,196,1.88,2192
"합계",강남구,역삼1동,23921,35616,17302,18314,34292,16793,17499,1324,509,815,1.43,3923
"합계",강남구,역삼2동,15721,36702,17095,19607,36338,16932,19406,364,163,201,2.31,3954
"합계",강남구,도곡1동,8245,20692,9799,10893,20553,9739,10814,139,60,79,2.49,3314
"합계",강남구,도곡2동,11459,32478,15062,17416,32385,15010,17375,93,52,41,2.83,5422
"합계",강남구,개포1동,9076,26148,12621,13527,26094,12596,13498,54,25,29,2.88,4120
"합계",강남구,개포2동,14992,42306,20486,21820,42169,20422,21747,137,64,73,2.81,5669
"합계",강남구,개포3동,7356,16788,8102,8686,16716,8069,8647,72,33,39,2.27,3743
"합계",강남구,개포4동,10101,23303,11183,12120,23130,11113,12017,173,70,103,2.29,3790
"합계",강남구,일원본동,7973,22668,11159,11509,22638,11146,11492,30,13,17,2.84,3699
"합계",강남구,일원1동,7444,14507,6976,7531,14361,6923,7438,146,53,93,1.93,3639
"합계",강남구,수서동,7659,13830,6199,7631,13757,6173,7584,73,26,47,1.80,5238
"합계",강남구,세곡동,20339,46631,21794,24837,46435,21719,24716,196,75,121,2.28,7684
"합계",강남구,압구정동,9996,25662,11934,13728,25487,11834,13653,175,100,75,2.55,5488
"합계",강남구,청담동,10708,24591,11452,13139,24328,11304,13024,263,148,115,2.27,4058
"합계",송파구,소계,287511,657991,315479,342512,651882,312684,339198,6109,2795,3314,2.27,113015
"합계",송파구,풍납1동,5487,12017,5908,6109,11542,5674,5868,475,234,241,2.10,2959
"합계",송파구,풍납2동,10390,23441,11110,12331,23234,11015,12219,207,95,112,2.24,4369
"합계",송파구,거여1동,5560,11912,5907,6005,11826,5878,5948,86,29,57,2.13,2684
"합계",송파구,거여2동,10085,23487,11399,12088,23388,11357,12031,99,42,57,2.32,4810
"합계",송파구,마천1동,8382,17610,8999,8611,17451,8940,8511,159,59,100,2.08,4585
"합계",송파구,마천2동,8458,17378,8839,8539,17215,8769,8446,163,70,93,2.04,4547
"합계",송파구,방이1동,6182,15188,7265,7923,15084,7222,7862,104,43,61,2.44,2608
"합계",송파구,방이2동,15992,26901,12247,14654,26263,11943,14320,638,304,334,1.64,3969
"합계",송파구,오륜동,5893,17712,8688,9024,17681,8669,9012,31,19,12,3.00,3389
"합계",송파구,오금동,16033,38295,18498,19797,38014,18365,19649,281,133,148,2.37,7642
"합계",송파구,송파1동,12545,23514,10853,12661,23229,10717,12512,285,136,149,1.85,3847
"합계",송파구,송파2동,7239,18767,9024,9743,18637,8958,9679,130,66,64,2.57,3325
"합계",송파구,석촌동,17094,31075,14639,16436,30514,14398,16116,561,241,320,1.79,5136
"합계",송파구,삼전동,16197,29142,13622,15520,28756,13458,15298,386,164,222,1.78,4512
"합계",송파구,가락본동,11552,25183,12392,12791,24887,12257,12630,296,135,161,2.15,4422
"합계",송파구,가락1동,9764,27646,13365,14281,27382,13231,14151,264,134,130,2.80,4124
"합계",송파구,가락2동,12383,31079,15147,15932,30889,15060,15829,190,87,103,2.49,5024
"합계",송파구,문정1동,8947,19937,9754,10183,19755,9666,10089,182,88,94,2.21,3538
"합계",송파구,문정2동,15921,28997,13281,15716,28814,13205,15609,183,76,107,1.81,4495
"합계",송파구,장지동,12359,29076,13966,15110,28892,13885,15007,184,81,103,2.34,5196
"합계",송파구,잠실본동,16281,28235,13360,14875,27691,13127,14564,544,233,311,1.70,4282
"합계",송파구,잠실2동,11552,34975,16748,18227,34872,16684,18188,103,64,39,3.02,4096
"합계",송파구,잠실3동,11882,33941,16009,17932,33812,15940,17872,129,69,60,2.85,6506
"합계",송파구,잠실4동,7228,21173,10213,10960,21114,10186,10928,59,27,32,2.92,3229
"합계",송파구,잠실6동,5852,16680,7892,8788,16468,7774,8694,212,118,94,2.81,3272
"합계",송파구,잠실7동,3361,9405,4373,5032,9389,4362,5027,16,11,5,2.79,2365
"합계",송파구,위례동,14892,45225,21981,23244,45083,21944,23139,142,37,105,3.03,4084
"합계",강동구,소계,207384,469464,228909,240555,465090,227021,238069,4374,1888,2486,2.24,87016
"합계",강동구,명일1동,10028,25139,12249,12890,25032,12209,12823,107,40,67,2.50,4737
"합계",강동구,명일2동,6415,16915,8215,8700,16851,8197,8654,64,18,46,2.63,3043
"합계",강동구,고덕1동,8180,23970,12258,11712,23890,12218,11672,80,40,40,2.92,3372
"합계",강동구,고덕2동,9764,25607,12868,12739,25367,12726,12641,240,142,98,2.60,3615
"합계",강동구,암사1동,15982,33640,16565,17075,33342,16449,16893,298,116,182,2.09,7033
"합계",강동구,암사2동,6386,14722,7080,7642,14652,7057,7595,70,23,47,2.29,2747
"합계",강동구,암사3동,6082,17180,8406,8774,17136,8386,8750,44,20,24,2.82,3093
"합계",강동구,천호1동,12899,25931,12657,13274,25646,12537,13109,285,120,165,1.99,5947
"합계",강동구,천호2동,17480,33094,16043,17051,32462,15763,16699,632,280,352,1.86,6640
"합계",강동구,천호3동,14893,26893,12924,13969,26349,12642,13707,544,282,262,1.77,5224
"합계",강동구,성내1동,8233,19456,9326,10130,19302,9270,10032,154,56,98,2.34,3507
"합계",강동구,성내2동,13822,24546,11934,12612,23975,11666,12309,571,268,303,1.73,4987
"합계",강동구,성내3동,10634,22478,10934,11544,22114,10780,11334,364,154,210,2.08,4482
"합계",강동구,둔촌1동,32,60,32,28,51,28,23,9,4,5,1.59,10
"합계",강동구,둔촌2동,10427,24123,11794,12329,23993,11747,12246,130,47,83,2.30,4755
"합계",강동구,길동,23364,47771,23181,24590,47374,23035,24339,397,146,251,2.03,9715
"합계",강동구,강일동,13817,34868,16690,18178,34667,16628,18039,201,62,139,2.51,6517
"합계",강동구,상일1동,13588,39470,19420,20050,39340,19366,19974,130,54,76,3,5472
"합계",강동구,상일2동,5358,13601,6333,7268,13547,6317,7230,54,16,38,3,2120
